Date,Name,Year,Letterboxd URI
2019-03-05,Sleepwalkers,1992,https://boxd.it/1TRA
2019-03-05,Spider-Man: Into the Spider-Verse,2018,https://boxd.it/azpY
2019-03-05,The Favourite,2018,https://boxd.it/d2hI
2019-03-05,BlacKkKlansman,2018,https://boxd.it/hxL8
2019-03-05,Black Panther,2018,https://boxd.it/8MHs
2019-03-05,Avengers: Infinity War,2018,https://boxd.it/9vEe
2019-03-05,Annihilation,2018,https://boxd.it/9yzm
2019-03-05,Deadpool 2,2018,https://boxd.it/dlLM
2019-03-05,Solo: A Star Wars Story,2018,https://boxd.it/bGWs
2019-03-05,Sorry to Bother You,2018,https://boxd.it/f21E
2019-03-05,Venom,2018,https://boxd.it/b8wA
2019-03-05,Jurassic World: Fallen Kingdom,2018,https://boxd.it/bOnU
2019-03-05,Halloween,2018,https://boxd.it/f0uE
2019-03-05,The Cloverfield Paradox,2018,https://boxd.it/doVA
2019-03-05,The House That Jack Built,2018,https://boxd.it/dWO4
2019-03-05,The Meg,2018,https://boxd.it/bAL4
2019-03-05,Overlord,2018,https://boxd.it/fAwm
2019-03-05,The Nun,2018,https://boxd.it/fBkw
2019-03-05,Mute,2018,https://boxd.it/e6nW
2019-03-05,Assassination Nation,2018,https://boxd.it/fSIq
2019-03-05,Truth or Dare,2018,https://boxd.it/grIA
2019-03-05,Summer of 84,2018,https://boxd.it/gQYe
2019-03-05,Unfriended: Dark Web,2018,https://boxd.it/ifs0
2019-03-05,Hell Fest,2018,https://boxd.it/fdG4
2019-03-05,Evil Genius,2018,https://boxd.it/j57y
2019-03-05,Puppet Master: The Littlest Reich,2018,https://boxd.it/dS8I
2019-03-05,Most Likely to Murder,2018,https://boxd.it/icaC
2019-03-05,EGG,2018,https://boxd.it/ivVs
2019-03-05,Velvet Buzzsaw,2019,https://boxd.it/gAy0
2019-03-05,Serenity,2019,https://boxd.it/g9sk
2019-03-05,Bright,2017,https://boxd.it/e1H8
2019-03-05,Hellboy,2004,https://boxd.it/28HK
2019-03-05,Hellboy II: The Golden Army,2008,https://boxd.it/1Ug6
2019-03-05,Get Out,2017,https://boxd.it/eOCm
2019-03-05,Baby Driver,2017,https://boxd.it/bhF2
2019-03-05,Blade Runner 2049,2017,https://boxd.it/b8wK
2019-03-05,Star Wars: The Last Jedi,2017,https://boxd.it/5xme
2019-03-05,Thor: Ragnarok,2017,https://boxd.it/8MHi
2019-03-05,Logan,2017,https://boxd.it/7Piy
2019-03-05,Spider-Man: Homecoming,2017,https://boxd.it/aboM
2019-03-05,Guardians of the Galaxy Vol. 2,2017,https://boxd.it/8MxC
2019-03-05,Coco,2017,https://boxd.it/bYJQ
2019-03-05,Justice League,2017,https://boxd.it/4w68
2019-03-05,John Wick: Chapter 2,2017,https://boxd.it/ayGu
2019-03-05,A Ghost Story,2017,https://boxd.it/fb0K
2019-03-05,Beauty and the Beast,2017,https://boxd.it/ar0c
2019-03-05,Atomic Blonde,2017,https://boxd.it/blDk
2019-03-05,Kong: Skull Island,2017,https://boxd.it/9ewM
2019-03-05,Kingsman: The Golden Circle,2017,https://boxd.it/buJm
2019-03-05,Jumanji: Welcome to the Jungle,2017,https://boxd.it/bUeE
2019-03-05,The Lego Batman Movie,2017,https://boxd.it/azp0
2019-03-05,Murder on the Orient Express,2017,https://boxd.it/dHjA
2019-03-05,Valerian and the City of a Thousand Planets,2017,https://boxd.it/biYY
2019-03-05,The Fate of the Furious,2017,https://boxd.it/bbCw
2019-03-05,I Don't Feel at Home in This World Anymore,2017,https://boxd.it/f42u
2019-03-05,The Mummy,2017,https://boxd.it/8HnW
2019-03-05,King Arthur: Legend of the Sword,2017,https://boxd.it/8lDS
2019-03-05,Death Note,2017,https://boxd.it/bOS4
2019-03-05,Cult of Chucky,2017,https://boxd.it/dKOm
2019-03-05,Anna and the Apocalypse,2017,https://boxd.it/gwcE
2019-03-05,Wish Upon,2017,https://boxd.it/fF6o
2019-03-05,Dave Made a Maze,2017,https://boxd.it/fof4
2019-03-05,Alien,1979,https://boxd.it/2awY
2019-03-05,The Witch,2015,https://boxd.it/9X0m
2019-03-05,It Follows,2014,https://boxd.it/87wo
2019-03-05,Jaws,1975,https://boxd.it/2a5e
2019-03-05,The Thing,1982,https://boxd.it/294O
2019-03-05,Shaun of the Dead,2004,https://boxd.it/29J8
2019-03-05,What We Do in the Shadows,2014,https://boxd.it/7eQy
2019-03-05,Halloween,1978,https://boxd.it/2wRu
2019-03-05,The Cabin in the Woods,2011,https://boxd.it/1zOc
2019-03-05,Raw,2016,https://boxd.it/dLd2
2019-03-05,Zombieland,2009,https://boxd.it/1En6
2019-03-05,The Exorcist,1973,https://boxd.it/1Yoo
2019-03-05,Scream,1996,https://boxd.it/24EC
2019-03-05,Train to Busan,2016,https://boxd.it/dSQU
2019-03-05,28 Days Later,2002,https://boxd.it/2aXU
2019-03-05,A Nightmare on Elm Street,1984,https://boxd.it/2aw0
2019-03-05,The Rocky Horror Picture Show,1975,https://boxd.it/1a3q
2019-03-05,The Blair Witch Project,1999,https://boxd.it/26ua
2019-03-05,A Girl Walks Home Alone at Night,2014,https://boxd.it/7nZE
2019-03-05,Nosferatu,1922,https://boxd.it/29TM
2019-03-05,Young Frankenstein,1974,https://boxd.it/25To
2019-03-05,Army of Darkness,1992,https://boxd.it/29G4
2019-03-05,Jennifer's Body,2009,https://boxd.it/1Efw
2019-03-05,Tucker and Dale vs. Evil,2010,https://boxd.it/Mce
2019-03-05,The Host,2006,https://boxd.it/28ZY
2019-03-05,Constantine,2005,https://boxd.it/2a7E
2019-03-05,Blade,1998,https://boxd.it/1a8A
2019-03-05,The Lost Boys,1987,https://boxd.it/28DI
2019-03-05,Scream 2,1997,https://boxd.it/24Es
2019-03-05,Unfriended,2014,https://boxd.it/8sXg
2019-03-05,Re-Animator,1985,https://boxd.it/28hM
2019-03-05,Resident Evil,2002,https://boxd.it/28z2
2019-03-05,Child's Play,1988,https://boxd.it/1VTo
2019-03-05,Tremors,1990,https://boxd.it/1YSe
2019-03-05,Blade II,2002,https://boxd.it/1agO
2019-03-05,The Void,2016,https://boxd.it/d93S
2019-03-05,A Nightmare on Elm Street 3: Dream Warriors,1987,https://boxd.it/1X9W
2019-03-05,A Nightmare on Elm Street Part 2: Freddy's Revenge,1985,https://boxd.it/1XiE
2019-03-05,Troll Hunter,2010,https://boxd.it/NQY
2019-03-05,Fright Night,2011,https://boxd.it/l1S
2019-03-05,Resident Evil: Retribution,2012,https://boxd.it/2qmK
2019-03-05,Resident Evil: Apocalypse,2004,https://boxd.it/28yS
2019-03-05,Altered States,1980,https://boxd.it/1TBi
2019-03-05,Friday the 13th: The Final Chapter,1984,https://boxd.it/1XWO
2019-03-05,Abraham Lincoln: Vampire Hunter,2012,https://boxd.it/2oG4
2019-03-05,Resident Evil: Extinction,2007,https://boxd.it/20Oy
2019-03-05,Blade: Trinity,2004,https://boxd.it/1a8q
2019-03-05,Resident Evil: Afterlife,2010,https://boxd.it/1bVo
2019-03-05,Life After Beth,2014,https://boxd.it/7bqM
2019-03-05,Anaconda,1997,https://boxd.it/1YSy
2019-03-05,John Dies at the End,2012,https://boxd.it/2BSW
2019-03-05,Jason X,2001,https://boxd.it/1TM6
2019-03-05,Freddy's Dead: The Final Nightmare,1991,https://boxd.it/1Uea
2019-03-05,Ouija,2014,https://boxd.it/77SM
2019-03-05,Psycho,1998,https://boxd.it/1Ugg
2019-03-05,Doom,2005,https://boxd.it/1ZOW
2019-03-05,Chopping Mall,1986,https://boxd.it/1ow2
2019-03-05,Underworld: Awakening,2012,https://boxd.it/yMs
2019-03-05,Curse of Chucky,2013,https://boxd.it/5b1y
2019-03-05,Buffy the Vampire Slayer,1992,https://boxd.it/1WP8
2019-03-05,Shadow of the Vampire,2000,https://boxd.it/1Vb2
2019-03-05,The Toxic Avenger,1984,https://boxd.it/1MAi
2019-03-05,Spawn,1997,https://boxd.it/1WvM
2019-03-05,"Silent Night, Deadly Night",1984,https://boxd.it/1rRi
2019-03-05,Bud Abbott and Lou Costello Meet Frankenstein,1948,https://boxd.it/25O4
2019-03-05,Repo! The Genetic Opera,2008,https://boxd.it/1Ogu
2019-03-05,Black Christmas,2006,https://boxd.it/1Y7M
2019-03-05,Sleepaway Camp,1983,https://boxd.it/1PSY
2019-03-05,Return to Sleepaway Camp,2008,https://boxd.it/1cdW
2019-03-05,Mad Max: Fury Road,2015,https://boxd.it/2DjO
2019-03-05,Arrival,2016,https://boxd.it/aNGk
2019-03-05,Inception,2010,https://boxd.it/1skk
2019-03-05,Interstellar,2014,https://boxd.it/4VZ8
2019-03-05,Her,2013,https://boxd.it/4O24
2019-03-05,The Avengers,2012,https://boxd.it/1xFW
2019-03-05,Blade Runner,1982,https://boxd.it/2bcA
2019-03-05,Rogue One: A Star Wars Story,2016,https://boxd.it/aPvy
2019-03-05,Captain America: Civil War,2016,https://boxd.it/89Ja
2019-03-05,2001: A Space Odyssey,1968,https://boxd.it/2bf0
2019-03-05,The Empire Strikes Back,1980,https://boxd.it/27Vw
2019-03-05,Doctor Strange,2016,https://boxd.it/8MH8
2019-03-05,Captain America: The Winter Soldier,2014,https://boxd.it/3r58
2019-03-05,Back to the Future,1985,https://boxd.it/2b8e
2019-03-05,The Matrix,1999,https://boxd.it/2a1m
2019-03-05,Avengers: Age of Ultron,2015,https://boxd.it/3qi6
2019-03-05,The Lobster,2015,https://boxd.it/7tnw
2019-03-05,Iron Man,2008,https://boxd.it/28dA
2019-03-05,Jurassic World,2015,https://boxd.it/4n0g
2019-03-05,Suicide Squad,2016,https://boxd.it/9row
2019-03-05,Return of the Jedi,1983,https://boxd.it/27Vm
2019-03-05,Ready Player One,2018,https://boxd.it/aZes
2019-03-05,10 Cloverfield Lane,2016,https://boxd.it/aZiu
2019-03-05,Iron Man 3,2013,https://boxd.it/2cBQ
2019-03-05,Captain America: The First Avenger,2011,https://boxd.it/28b0
2019-03-05,Children of Men,2006,https://boxd.it/1Y2i
2019-03-05,X-Men: Days of Future Past,2014,https://boxd.it/4aRw
2019-03-05,Avatar,2009,https://boxd.it/1Efm
2019-03-05,E.T. the Extra-Terrestrial,1982,https://boxd.it/2a1G
2019-03-05,Edge of Tomorrow,2014,https://boxd.it/4pD0
2019-03-05,Iron Man 2,2010,https://boxd.it/1WZM
2019-03-05,Star Wars: Episode III – Revenge of the Sith,2005,https://boxd.it/27US
2019-03-05,Star Wars: Episode I – The Phantom Menace,1999,https://boxd.it/27Vc
2019-03-05,Aliens,1986,https://boxd.it/29PA
2019-03-05,Snowpiercer,2013,https://boxd.it/3Icg
2019-03-05,Terminator 2: Judgment Day,1991,https://boxd.it/2aGY
2019-03-05,Pacific Rim,2013,https://boxd.it/2cB2
2019-03-05,The Terminator,1984,https://boxd.it/2aQY
2019-03-05,Star Wars: Episode II – Attack of the Clones,2002,https://boxd.it/27V2
2019-03-05,Looper,2012,https://boxd.it/ham
2019-03-05,The Hunger Games: Catching Fire,2013,https://boxd.it/3sAw
2019-03-05,X-Men: Apocalypse,2016,https://boxd.it/7eJi
2019-03-05,X-Men: First Class,2011,https://boxd.it/FOA
2019-03-05,Prometheus,2012,https://boxd.it/2s9e
2019-03-05,Watchmen,2009,https://boxd.it/1QE4
2019-03-05,Alien: Covenant,2017,https://boxd.it/49UY
2019-03-05,Moon,2009,https://boxd.it/1IGQ
2019-03-05,The World's End,2013,https://boxd.it/3EiO
2019-03-05,Back to the Future Part II,1989,https://boxd.it/2aYI
2019-03-05,District 9,2009,https://boxd.it/1Iik
2019-03-05,Star Trek Into Darkness,2013,https://boxd.it/uYE
2019-03-05,The Iron Giant,1999,https://boxd.it/1Wow
2019-03-05,Star Trek,2009,https://boxd.it/1Q6c
2019-03-05,Lucy,2014,https://boxd.it/75hu
2019-03-05,X-Men,2000,https://boxd.it/1a7s
2019-03-05,Star Trek Beyond,2016,https://boxd.it/5Ik4
2019-03-05,The Incredible Hulk,2008,https://boxd.it/28dU
2019-03-05,Minority Report,2002,https://boxd.it/2aWi
2019-03-05,The Wolverine,2013,https://boxd.it/2CWU
2019-03-05,Super 8,2011,https://boxd.it/dVI
2019-03-05,The Fifth Element,1997,https://boxd.it/71k
2019-03-05,X2,2003,https://boxd.it/1a7i
2019-03-05,Back to the Future Part III,1990,https://boxd.it/2aTS
2019-03-05,The Fly,1986,https://boxd.it/1YIe
2019-03-05,RoboCop,1987,https://boxd.it/22Wu
2019-03-05,Close Encounters of the Third Kind,1977,https://boxd.it/29u8
2019-03-05,I Am Legend,2007,https://boxd.it/21DG
2019-03-05,Cloud Atlas,2012,https://boxd.it/2W60
2019-03-05,Metropolis,1927,https://boxd.it/71a
2019-03-05,A.I. Artificial Intelligence,2001,https://boxd.it/29Ve
2019-03-05,The Lost World: Jurassic Park,1997,https://boxd.it/2azS
2019-03-05,X-Men: The Last Stand,2006,https://boxd.it/1a5Q
2019-03-05,Dredd,2012,https://boxd.it/GZE
2019-03-05,X-Men Origins: Wolverine,2009,https://boxd.it/27ug
2019-03-05,Elysium,2013,https://boxd.it/2cBm
2019-03-05,The Matrix Reloaded,2003,https://boxd.it/2a1c
2019-03-05,Total Recall,1990,https://boxd.it/29qK
2019-03-05,They Live,1988,https://boxd.it/20lm
2019-03-05,TRON: Legacy,2010,https://boxd.it/1Dlo
2019-03-05,Men in Black 3,2012,https://boxd.it/103U
2019-03-05,Escape from New York,1981,https://boxd.it/294k
2019-03-05,Fantastic Four,2005,https://boxd.it/1XVw
2019-03-05,Pacific Rim: Uprising,2018,https://boxd.it/83Qa
2019-03-05,Primer,2004,https://boxd.it/6YA
2019-03-05,Jurassic Park III,2001,https://boxd.it/2azI
2019-03-05,Batman & Robin,1997,https://boxd.it/2ar0
2019-03-05,Megamind,2010,https://boxd.it/16Sk
2019-03-05,Power Rangers,2017,https://boxd.it/9KKc
2019-03-05,Attack the Block,2011,https://boxd.it/hFO
2019-03-05,Armageddon,1998,https://boxd.it/2b9Q
2019-03-05,Jupiter Ascending,2015,https://boxd.it/2Evm
2019-03-05,Spaceballs,1987,https://boxd.it/29cy
2019-03-05,Assassin's Creed,2016,https://boxd.it/41IK
2019-03-05,Fantastic Four,2015,https://boxd.it/5a9c
2019-03-05,In Time,2011,https://boxd.it/FPS
2019-03-05,Superman,1978,https://boxd.it/27Qm
2019-03-05,Contact,1997,https://boxd.it/29OM
2019-03-05,Green Lantern,2011,https://boxd.it/QN4
2019-03-05,Independence Day: Resurgence,2016,https://boxd.it/JwK
2019-03-05,Bill & Ted's Excellent Adventure,1989,https://boxd.it/28oI
2019-03-05,Hulk,2003,https://boxd.it/27PS
2019-03-05,Ender's Game,2013,https://boxd.it/2N9Y
2019-03-05,Galaxy Quest,1999,https://boxd.it/29gq
2019-03-05,RoboCop,2014,https://boxd.it/3m4k
2019-03-05,Event Horizon,1997,https://boxd.it/20d8
2019-03-05,Daredevil,2003,https://boxd.it/1YzG
2019-03-05,Serenity,2005,https://boxd.it/1Km4
2019-03-05,Superman Returns,2006,https://boxd.it/28J2
2019-03-05,A Scanner Darkly,2006,https://boxd.it/25jK
2019-03-05,The Happening,2008,https://boxd.it/200o
2019-03-05,Mad Max Beyond Thunderdome,1985,https://boxd.it/1YTm
2019-03-05,Terminator Salvation,2009,https://boxd.it/2abQ
2019-03-05,Cowboys & Aliens,2011,https://boxd.it/F2G
2019-03-05,Idiocracy,2006,https://boxd.it/20RW
2019-03-05,Star Trek II: The Wrath of Khan,1982,https://boxd.it/2b0u
2019-03-05,Equilibrium,2002,https://boxd.it/211s
2019-03-05,The Island,2005,https://boxd.it/28qE
2019-03-05,Tron,1982,https://boxd.it/2b9w
2019-03-05,The Running Man,1987,https://boxd.it/29q6
2019-03-05,Flubber,1997,https://boxd.it/1YkQ
2019-03-05,Superman II,1980,https://boxd.it/204q
2019-03-05,The League of Extraordinary Gentlemen,2003,https://boxd.it/1ZVy
2019-03-05,Turbo Kid,2015,https://boxd.it/9X0c
2019-03-05,G.I. Joe: Retaliation,2013,https://boxd.it/2o6A
2019-03-05,Solaris,2002,https://boxd.it/27qS
2019-03-05,Star Trek: The Motion Picture,1979,https://boxd.it/2b0O
2019-03-05,Stargate,1994,https://boxd.it/27iu
2019-03-05,Star Trek IV: The Voyage Home,1986,https://boxd.it/2aYe
2019-03-05,Bicentennial Man,1999,https://boxd.it/2722
2019-03-05,Star Trek: First Contact,1996,https://boxd.it/2aTo
2019-03-05,Evolution,2001,https://boxd.it/1YMK
2019-03-05,Star Wars: The Clone Wars,2008,https://boxd.it/1Sly
2019-03-05,Soylent Green,1973,https://boxd.it/1SxE
2019-03-05,Logan's Run,1976,https://boxd.it/1Vma
2019-03-05,Judge Dredd,1995,https://boxd.it/1Yzm
2019-03-05,Star Trek III: The Search for Spock,1984,https://boxd.it/2b00
2019-03-05,Underworld: Evolution,2006,https://boxd.it/29v6
2019-03-05,The Last Witch Hunter,2015,https://boxd.it/8lBW
2019-03-05,Justice League: The Flashpoint Paradox,2013,https://boxd.it/5yWW
2019-03-05,Star Trek VI: The Undiscovered Country,1991,https://boxd.it/2aXg
2019-03-05,Superman III,1983,https://boxd.it/1YrM
2019-03-05,Elektra,2005,https://boxd.it/1XsE
2019-03-05,K-PAX,2001,https://boxd.it/2aYo
2019-03-05,RoboCop 2,1990,https://boxd.it/22Wk
2019-03-05,Mystery Men,1999,https://boxd.it/1XIM
2019-03-05,Æon Flux,2005,https://boxd.it/20vc
2019-03-05,Iron Sky,2012,https://boxd.it/1VEI
2019-03-05,Star Trek: Generations,1994,https://boxd.it/2aUm
2019-03-05,Sky Captain and the World of Tomorrow,2004,https://boxd.it/23jS
2019-03-05,Zardoz,1974,https://boxd.it/23Fa
2019-03-05,Short Circuit,1986,https://boxd.it/26zY
2019-03-05,Underworld: Rise of the Lycans,2009,https://boxd.it/1RZs
2019-03-05,Heavy Metal,1981,https://boxd.it/1SZI
2019-03-05,Star Trek: Nemesis,2002,https://boxd.it/2aT4
2019-03-05,Coneheads,1993,https://boxd.it/1YeS
2019-03-05,Johnny Mnemonic,1995,https://boxd.it/1XBQ
2019-03-05,Star Trek: Insurrection,1998,https://boxd.it/2aTe
2019-03-05,Titan A.E.,2000,https://boxd.it/20W8
2019-03-05,Mission to Mars,2000,https://boxd.it/27w2
2019-03-05,2010,1984,https://boxd.it/24lK
2019-03-05,Cocoon,1985,https://boxd.it/1Wx4
2019-03-05,Dragonball Evolution,2009,https://boxd.it/1ODy
2019-03-05,Batman Beyond: Return of the Joker,2000,https://boxd.it/1KwS
2019-03-05,Final Fantasy: The Spirits Within,2001,https://boxd.it/27pg
2019-03-05,The One,2001,https://boxd.it/1Vni
2019-03-05,The Spirit,2008,https://boxd.it/20pe
2019-03-05,RoboCop 3,1993,https://boxd.it/22Wa
2019-03-05,Ultraviolet,2006,https://boxd.it/1Xww
2019-03-05,Doctor Who: The Day of the Doctor,2013,https://boxd.it/a4Bk
2019-03-05,Enemy Mine,1985,https://boxd.it/1SU4
2019-03-05,Fantastic Voyage,1966,https://boxd.it/27iY
2019-03-05,The Shadow,1994,https://boxd.it/1ZKK
2019-03-05,"Honey, We Shrunk Ourselves",1997,https://boxd.it/1TS4
2019-03-05,Class of Nuke 'Em High,1986,https://boxd.it/1tEU
2019-03-05,Highlander II: The Quickening,1991,https://boxd.it/20Gu
2019-03-05,S1m0ne,2002,https://boxd.it/1Z2o
2019-03-05,The Avengers,1998,https://boxd.it/1YYG
2019-03-05,Timeline,2003,https://boxd.it/1YmM
2019-03-05,Monkeybone,2001,https://boxd.it/1yVm
2019-03-05,Bowling for Columbine,2002,https://boxd.it/28Ls
2019-03-05,Super Size Me,2004,https://boxd.it/1YQC
2019-03-05,Jodorowsky's Dune,2013,https://boxd.it/5MP6
2019-03-05,Fahrenheit 9/11,2004,https://boxd.it/28a2
2019-03-05,Deadpool,2016,https://boxd.it/9fOC
2019-03-05,Birdman or (The Unexpected Virtue of Ignorance),2014,https://boxd.it/5RFA
2019-03-05,Forrest Gump,1994,https://boxd.it/728
2019-03-05,Scott Pilgrim vs. the World,2010,https://boxd.it/1Aq6
2019-03-05,The Breakfast Club,1985,https://boxd.it/27q4
2019-03-05,Amélie,2001,https://boxd.it/2aUc
2019-03-05,Toy Story 3,2010,https://boxd.it/1WRe
2019-03-05,The Lego Movie,2014,https://boxd.it/4pDO
2019-03-05,Wreck-It Ralph,2012,https://boxd.it/2TTS
2019-03-05,Ferris Bueller's Day Off,1986,https://boxd.it/1YPY
2019-03-05,Home Alone,1990,https://boxd.it/29Fg
2019-03-05,Ghostbusters,1984,https://boxd.it/g2w
2019-03-05,Groundhog Day,1993,https://boxd.it/2b3e
2019-03-05,Superbad,2007,https://boxd.it/20hO
2019-03-05,Monty Python and the Holy Grail,1975,https://boxd.it/29GI
2019-03-05,Brave,2012,https://boxd.it/bVG
2019-03-05,The Hangover,2009,https://boxd.it/1GjK
2019-03-05,School of Rock,2003,https://boxd.it/28xK
2019-03-05,10 Things I Hate About You,1999,https://boxd.it/23AO
2019-03-05,Ghostbusters,2016,https://boxd.it/Vm8
2019-03-05,Men in Black,1997,https://boxd.it/2a0I
2019-03-05,Airplane!,1980,https://boxd.it/29yu
2019-03-05,Seven Psychopaths,2012,https://boxd.it/34PW
2019-03-05,The Interview,2014,https://boxd.it/6KQ4
2019-03-05,A Serious Man,2009,https://boxd.it/1RFW
2019-03-05,The Emperor's New Groove,2000,https://boxd.it/1Tey
2019-03-05,Evil Dead II,1987,https://boxd.it/29Ge
2019-03-05,The 40 Year Old Virgin,2005,https://boxd.it/21hK
2019-03-05,Who Framed Roger Rabbit,1988,https://boxd.it/29ry
2019-03-05,Borat: Cultural Learnings of America for Make Benefit Glorious Nation of Kazakhstan,2006,https://boxd.it/2agQ
2019-03-05,Zoolander,2001,https://boxd.it/1YMA
2019-03-05,The Mask,1994,https://boxd.it/29rS
2019-03-05,Dope,2015,https://boxd.it/9Tho
2019-03-05,Clerks,1994,https://boxd.it/2706
2019-03-05,An American Werewolf in London,1981,https://boxd.it/29yk
2019-03-05,Big Trouble in Little China,1986,https://boxd.it/21em
2019-03-05,Horrible Bosses,2011,https://boxd.it/Ba2
2019-03-05,Pineapple Express,2008,https://boxd.it/1WRS
2019-03-05,This Is Spinal Tap,1984,https://boxd.it/1UOs
2019-03-05,Space Jam,1996,https://boxd.it/26YO
2019-03-05,Men in Black II,2002,https://boxd.it/2a0y
2019-03-05,Walk Hard: The Dewey Cox Story,2007,https://boxd.it/21wK
2019-03-05,Across the Universe,2007,https://boxd.it/23X4
2019-03-05,Mad Max 2,1981,https://boxd.it/1ZPg
2019-03-05,True Stories,1986,https://boxd.it/1wXU
2019-03-05,Twin Peaks: Fire Walk with Me,1992,https://boxd.it/27Qw
2019-03-05,Starship Troopers,1997,https://boxd.it/2a7k
2019-03-05,Demolition Man,1993,https://boxd.it/1XVm
2019-03-05,Psycho III,1986,https://boxd.it/1RsS
2019-03-05,Hackers,1995,https://boxd.it/1WhU
2019-03-05,Faust: Love of the Damned,2000,https://boxd.it/xe
2019-03-05,Ghostbusters II,1989,https://boxd.it/261s
2019-03-05,Inglourious Basterds,2009,https://boxd.it/1JzG
2019-03-05,Kill Bill: Vol. 1,2003,https://boxd.it/70w
2019-03-05,Pulp Fiction,1994,https://boxd.it/29Pq
2019-03-05,Django Unchained,2012,https://boxd.it/2cCk
2019-03-05,The Hateful Eight,2015,https://boxd.it/8gw8
2019-03-05,Reservoir Dogs,1992,https://boxd.it/2agc
2019-03-05,Kill Bill: Vol. 2,2004,https://boxd.it/2au4
2019-03-05,Jackie Brown,1997,https://boxd.it/2aVO
2019-03-05,Sin City,2005,https://boxd.it/2aVk
2019-03-05,Death Proof,2007,https://boxd.it/27GG
2019-03-05,Grindhouse,2007,https://boxd.it/8RwY
2019-03-05,The Lord of the Rings: The Fellowship of the Ring,2001,https://boxd.it/2b5O
2019-03-05,The Dark Knight Rises,2012,https://boxd.it/H3m
2019-03-05,Kingsman: The Secret Service,2014,https://boxd.it/6dxe
2019-03-05,The Lord of the Rings: The Return of the King,2003,https://boxd.it/2b5u
2019-03-05,Batman Begins,2005,https://boxd.it/2aIg
2019-03-05,Raiders of the Lost Ark,1981,https://boxd.it/2bbs
2019-03-05,John Wick,2014,https://boxd.it/7dEc
2019-03-05,Batman v Superman: Dawn of Justice,2016,https://boxd.it/6fBW
2019-03-05,Die Hard,1988,https://boxd.it/2a7u
2019-03-05,Thor,2011,https://boxd.it/1WQU
2019-03-05,Hot Fuzz,2007,https://boxd.it/2416
2019-03-05,Thor: The Dark World,2013,https://boxd.it/2DqA
2019-03-05,The Hobbit: An Unexpected Journey,2012,https://boxd.it/GZk
2019-03-05,V for Vendetta,2005,https://boxd.it/29Ik
2019-03-05,The Hobbit: The Desolation of Smaug,2013,https://boxd.it/nmS
2019-03-05,The Amazing Spider-Man,2012,https://boxd.it/27PI
2019-03-05,Indiana Jones and the Last Crusade,1989,https://boxd.it/2baO
2019-03-05,Casino Royale,2006,https://boxd.it/1alk
2019-03-05,Spectre,2015,https://boxd.it/6bXY
2019-03-05,Kick-Ass,2010,https://boxd.it/1zaQ
2019-03-05,The Hobbit: The Battle of the Five Armies,2014,https://boxd.it/43aU
2019-03-05,The Amazing Spider-Man 2,2014,https://boxd.it/3utM
2019-03-05,Spider-Man 3,2007,https://boxd.it/2a7Y
2019-03-05,"O Brother, Where Art Thou?",2000,https://boxd.it/2b3I
2019-03-05,The Big Lebowski,1998,https://boxd.it/2b6C
2019-03-05,Fargo,1996,https://boxd.it/2aHM
2019-03-05,True Grit,2010,https://boxd.it/Sog
2019-03-05,Burn After Reading,2008,https://boxd.it/23BW
2019-03-05,M,1931,https://boxd.it/29vq
2019-03-05,Furious 7,2015,https://boxd.it/5cVs
2019-03-05,Mad Max,1979,https://boxd.it/1Y7i
2019-03-05,Mr. & Mrs. Smith,2005,https://boxd.it/29CG
2019-03-05,"Crouching Tiger, Hidden Dragon",2000,https://boxd.it/2b1M
2019-03-05,Top Gun,1986,https://boxd.it/29JC
2019-03-05,Quantum of Solace,2008,https://boxd.it/1Vs8
2019-03-05,The Matrix Revolutions,2003,https://boxd.it/2a12
2019-03-05,"I, Robot",2004,https://boxd.it/27y8
2019-03-05,Hancock,2008,https://boxd.it/1Zv6
2019-03-05,Lethal Weapon,1987,https://boxd.it/29e0
2019-03-05,Wanted,2008,https://boxd.it/1ZBS
2019-03-05,Dirty Harry,1971,https://boxd.it/299E
2019-03-05,GoldenEye,1995,https://boxd.it/29KU
2019-03-05,Dune,1984,https://boxd.it/29tY
2019-03-05,2 Fast 2 Furious,2003,https://boxd.it/2a4g
2019-03-05,The Fast and the Furious: Tokyo Drift,2006,https://boxd.it/1Yeo
2019-03-05,The Rock,1996,https://boxd.it/1XM0
2019-03-05,Miss Congeniality,2000,https://boxd.it/28GM
2019-03-05,RED,2010,https://boxd.it/13uu
2019-03-05,Rush Hour,1998,https://boxd.it/27pU
2019-03-05,The Crow,1994,https://boxd.it/1Yxq
2019-03-05,True Lies,1994,https://boxd.it/19pq
2019-03-05,Live Free or Die Hard,2007,https://boxd.it/28zQ
2019-03-05,Keanu,2016,https://boxd.it/brha
2019-03-05,Bad Boys,1995,https://boxd.it/1XVG
2019-03-05,The Italian Job,2003,https://boxd.it/1Y86
2019-03-05,Ghost Rider,2007,https://boxd.it/290M
2019-03-05,Salt,2010,https://boxd.it/1rtK
2019-03-05,A Knight's Tale,2001,https://boxd.it/1YAk
2019-03-05,Prince of Persia: The Sands of Time,2010,https://boxd.it/1YpQ
2019-03-05,Real Steel,2011,https://boxd.it/147m
2019-03-05,Crank,2006,https://boxd.it/27MY
2019-03-05,Total Recall,2012,https://boxd.it/Ro
2019-03-05,The Boondock Saints,1999,https://boxd.it/20gw
2019-03-05,A Good Day to Die Hard,2013,https://boxd.it/JrK
2019-03-05,Bad Boys II,2003,https://boxd.it/1ZuW
2019-03-05,Planet of the Apes,2001,https://boxd.it/29ps
2019-03-05,The Hunt for Red October,1990,https://boxd.it/28lk
2019-03-05,Last Action Hero,1993,https://boxd.it/1YhW
2019-03-05,Rush Hour 2,2001,https://boxd.it/23ga
2019-03-05,Batman: Mask of the Phantasm,1993,https://boxd.it/1N6S
2019-03-05,The Transporter,2002,https://boxd.it/24Nu
2019-03-05,Shanghai Noon,2000,https://boxd.it/202a
2019-03-05,Rush Hour 3,2007,https://boxd.it/23gk
2019-03-05,Drunken Master II,1994,https://boxd.it/1Si0
2019-03-05,The Tuxedo,2002,https://boxd.it/1Vra
2019-03-05,Police Story 4: First Strike,1996,https://boxd.it/1YLC
2019-03-05,Twin Dragons,1992,https://boxd.it/1GmE
2019-03-05,Crank: High Voltage,2009,https://boxd.it/1MPs
2019-03-05,Catwoman,2004,https://boxd.it/2aBY
2019-03-05,Waterworld,1995,https://boxd.it/1XLG
2019-03-05,Gone in Sixty Seconds,2000,https://boxd.it/1Y4y
2019-03-05,Rumble in the Bronx,1995,https://boxd.it/1fi6
2019-03-05,Moana,2016,https://boxd.it/8tfY
2019-03-05,Kubo and the Two Strings,2016,https://boxd.it/a4wE
2019-03-05,Popstar: Never Stop Never Stopping,2016,https://boxd.it/blDa
2019-03-05,The Founder,2016,https://boxd.it/9XwM
2019-03-05,Warcraft,2016,https://boxd.it/2czK
2019-03-05,Ant-Man,2015,https://boxd.it/3vmW
2019-03-05,Chappie,2015,https://boxd.it/5Y3e
2019-03-05,Krampus,2015,https://boxd.it/8Wy6
2019-03-05,Maleficent,2014,https://boxd.it/3v1u
2019-03-05,The Wolf of Wall Street,2013,https://boxd.it/3C1m
2019-03-05,Man of Steel,2013,https://boxd.it/FRk
2019-03-05,This Is the End,2013,https://boxd.it/3GB4
2019-03-05,Evil Dead,2013,https://boxd.it/3GPq
2019-03-05,Fast & Furious 6,2013,https://boxd.it/2UG6
2019-03-05,Jobs,2013,https://boxd.it/3RcY
2019-03-06,The Great Gatsby,2013,https://boxd.it/JY
2019-03-06,The Great Wall,2016,https://boxd.it/a04c
2019-03-06,The Dark Knight,2008,https://boxd.it/2b0k
2019-03-06,Fight Club,1999,https://boxd.it/2a9q
2019-03-06,Inside Out,2015,https://boxd.it/4KHC
2019-03-06,Star Wars,1977,https://boxd.it/72s
2019-03-06,Wonder Woman,2017,https://boxd.it/9roG
2019-03-06,The Godfather,1972,https://boxd.it/2aNK
2019-03-06,The Silence of the Lambs,1991,https://boxd.it/2aHW
2019-03-06,Jurassic Park,1993,https://boxd.it/2aA2
2019-03-06,The Shawshank Redemption,1994,https://boxd.it/2aHi
2019-03-06,WALL·E,2008,https://boxd.it/1VEo
2019-03-06,GoodFellas,1990,https://boxd.it/29FA
2019-03-06,The Truman Show,1998,https://boxd.it/18U8
2019-03-06,Harry Potter and the Prisoner of Azkaban,2004,https://boxd.it/29Qy
2019-03-06,"Monsters, Inc.",2001,https://boxd.it/2a46
2019-03-06,Harry Potter and the Deathly Hallows: Part 2,2011,https://boxd.it/1RYk
2019-03-06,The Godfather Part II,1974,https://boxd.it/2aNq
2019-03-06,Requiem for a Dream,2000,https://boxd.it/29VI
2019-03-06,The Hunger Games,2012,https://boxd.it/2uds
2019-03-06,Harry Potter and the Chamber of Secrets,2002,https://boxd.it/29QI
2019-03-06,One Flew Over the Cuckoo's Nest,1975,https://boxd.it/2aeA
2019-03-06,Full Metal Jacket,1987,https://boxd.it/2a1Q
2019-03-06,The Royal Tenenbaums,2001,https://boxd.it/1YHU
2019-03-06,Toy Story 2,1999,https://boxd.it/29qq
2019-03-06,Catch Me If You Can,2002,https://boxd.it/29VS
2019-03-06,Spider-Man,2002,https://boxd.it/2a8i
2019-03-06,Unbreakable,2000,https://boxd.it/1XV2
2019-03-06,Ocean's Eleven,2001,https://boxd.it/2aZm
2019-03-06,The Princess Bride,1987,https://boxd.it/26EY
2019-03-06,Chinatown,1974,https://boxd.it/29vU
2019-03-06,Stand by Me,1986,https://boxd.it/2aOe
2019-03-06,Les Misérables,2012,https://boxd.it/2TT4
2019-03-06,Bad Times at the El Royale,2018,https://boxd.it/fSA2
2019-03-06,Coraline,2009,https://boxd.it/1NhQ
2019-03-06,Hugo,2011,https://boxd.it/R08
2019-03-06,It Comes at Night,2017,https://boxd.it/eLuk
2019-03-06,Clueless,1995,https://boxd.it/1Ygk
2019-03-06,Sherlock Holmes,2009,https://boxd.it/1W2A
2019-03-06,The Man Who Killed Hitler and Then the Bigfoot,2018,https://boxd.it/jhd4
2019-03-09,Captain Marvel,2019,https://boxd.it/9vSA
2019-03-11,Wildlife,2018,https://boxd.it/eKYe
2019-03-12,Deep Red,1975,https://boxd.it/1E1E
2019-03-12,Drag Me to Hell,2009,https://boxd.it/1Jzw
2019-03-13,Candyman,1992,https://boxd.it/1Ys6
2019-03-20,Detention,2011,https://boxd.it/2cHk
2019-03-20,Bubba Ho-tep,2002,https://boxd.it/1Y02
2019-03-25,Hail Satan?,2019,https://boxd.it/kJvC
2019-03-28,Matinee,1993,https://boxd.it/1vV4
2019-04-01,Tales from the Crypt,1972,https://boxd.it/14Qc
2019-04-01,Tales from the Crypt: Demon Knight,1995,https://boxd.it/1ZgK
2019-04-01,The Hunger,1983,https://boxd.it/1Tk2
2019-04-09,The Craft,1996,https://boxd.it/1Zai
2019-04-10,Razorback,1984,https://boxd.it/1upc
2019-05-14,The Inventor: Out for Blood in Silicon Valley,2019,https://boxd.it/kLa2
2019-05-20,Horror Noire: A History of Black Horror,2019,https://boxd.it/l5oe
2019-05-21,Brain Dead,1990,https://boxd.it/22os
2019-05-26,Demon,2015,https://boxd.it/c2Vm
2019-05-28,Greetings from Tromaville!,2017,https://boxd.it/jfRG
2019-06-01,John Wick: Chapter 3 – Parabellum,2019,https://boxd.it/gmFw
2019-06-09,Dark Phoenix,2019,https://boxd.it/anyO
2019-06-25,Vampire's Kiss,1988,https://boxd.it/21aY
2019-07-01,The Cleaners,2018,https://boxd.it/hLyM
2019-07-23,Spider-Man: Far From Home,2019,https://boxd.it/fegG
2019-07-23,Shazam!,2019,https://boxd.it/8WBu
2019-07-23,Avengers: Endgame,2019,https://boxd.it/9vE4
2019-07-23,Us,2019,https://boxd.it/gnV6
2019-07-24,Hellboy,2019,https://boxd.it/gjaA
2019-08-02,What We Left Behind: Looking Back at Star Trek: Deep Space Nine,2018,https://boxd.it/iWEo
2019-08-16,Scary Stories to Tell in the Dark,2019,https://boxd.it/eJTW
2019-08-22,Lovecraft: Fear of the Unknown,2008,https://boxd.it/SXq
2019-08-22,Finding Vivian Maier,2013,https://boxd.it/5ePG
2019-08-24,Bride of Re-Animator,1990,https://boxd.it/1HyQ
2019-09-03,Nightmare Cinema,2018,https://boxd.it/hflw
2019-09-03,Pokémon Detective Pikachu,2019,https://boxd.it/fVA0
2019-09-07,Fiddler: A Miracle of Miracles,2019,https://boxd.it/mtv6
2019-09-15,Candyman: Farewell to the Flesh,1995,https://boxd.it/1ViM
2019-09-15,Brightburn,2019,https://boxd.it/jk58
2019-09-15,Mandy,2018,https://boxd.it/gtti
2019-09-15,Invader Zim: Enter the Florpus,2019,https://boxd.it/gXDM
2019-09-15,Split,2016,https://boxd.it/dgSy
2019-09-15,Pooka!,2018,https://boxd.it/kMBe
2019-09-15,Tully,2018,https://boxd.it/e4kc
2019-09-15,Fantastic Beasts: The Crimes of Grindelwald,2018,https://boxd.it/bg8G
2019-09-29,School Spirit,2019,https://boxd.it/mjs2
2019-10-02,Annabelle Comes Home,2019,https://boxd.it/iU5m
2019-10-02,Midsommar,2019,https://boxd.it/jhxe
2019-10-02,Ghostland,2018,https://boxd.it/h5Uw
2019-10-02,Escape Room,2019,https://boxd.it/iYlS
2019-10-19,Trash Fire,2016,https://boxd.it/cpUm
2019-10-19,The Golem,2018,https://boxd.it/jnuU
2019-10-30,Just Desserts: The Making of 'Creepshow',2007,https://boxd.it/c4FA
2019-11-03,Lost Soul: The Doomed Journey of Richard Stanley's Island of Dr. Moreau,2014,https://boxd.it/8AvY
2019-11-03,Joan Rivers: A Piece of Work,2010,https://boxd.it/ZsY
2019-11-09,Jojo Rabbit,2019,https://boxd.it/iEBG
2019-11-10,Murder Party,2007,https://boxd.it/1PTM
2019-11-12,Extra Ordinary,2019,https://boxd.it/jBwU
2019-11-13,Dolemite Is My Name,2019,https://boxd.it/je6E
2019-11-13,Ghost Stories,2017,https://boxd.it/fdA6
2019-11-22,Satanic Panic,2019,https://boxd.it/jEEW
2019-11-23,Ready or Not,2019,https://boxd.it/kOf0
2019-11-23,Natural Selection,2011,https://boxd.it/i3Q
2019-11-25,Blaze,2018,https://boxd.it/hE4U
2019-11-25,Ginger Snaps 2: Unleashed,2004,https://boxd.it/1Wse
2019-11-25,Ginger Snaps,2000,https://boxd.it/1XEg
2019-11-25,Ginger Snaps Back: The Beginning,2004,https://boxd.it/1REk
2019-11-27,One Cut of the Dead,2017,https://boxd.it/iAFu
2019-11-27,"The Death of ""Superman Lives"": What Happened?",2015,https://boxd.it/8wQ4
2019-11-28,Margaret,2011,https://boxd.it/2kbm
2019-12-14,Love & Mercy,2014,https://boxd.it/8bd6
2019-12-14,I ♥ Huckabees,2004,https://boxd.it/28vk
2019-12-25,In Fabric,2018,https://boxd.it/h2sY
2019-12-25,The Hebrew Hammer,2003,https://boxd.it/1FvU
2019-12-26,The Bye Bye Man,2017,https://boxd.it/9b2k
2019-12-28,Holiday Hell,2019,https://boxd.it/iBFg
2019-12-30,Doom: Annihilation,2019,https://boxd.it/iTB2
2019-12-31,In Search of Darkness,2019,https://boxd.it/lA5M
2020-01-02,976-EVIL,1988,https://boxd.it/1yrw
2020-01-02,Ghost Story,1981,https://boxd.it/1xiS
2020-01-02,The Howling: Reborn,2011,https://boxd.it/2BxE
2020-01-02,Children of the Corn: Runaway,2018,https://boxd.it/fRHw
2020-01-03,Knives Out,2019,https://boxd.it/jWEA
2020-01-04,Berberian Sound Studio,2012,https://boxd.it/3T30
2020-01-07,The Howling,1981,https://boxd.it/1Uce
2020-01-07,The 'Burbs,1989,https://boxd.it/1SDi
2020-01-08,Joker,2019,https://boxd.it/h4cS
2020-01-11,The Burning,1981,https://boxd.it/1ygS
2020-01-11,Machete Maidens Unleashed!,2010,https://boxd.it/2uko
2020-01-19,Fast & Furious Presents: Hobbs & Shaw,2019,https://boxd.it/dnDA
2020-02-01,Toy Story 4,2019,https://boxd.it/9ALu
2020-02-01,Maleficent: Mistress of Evil,2019,https://boxd.it/eSig
2020-02-01,Hustlers,2019,https://boxd.it/jIBM
2020-02-01,Booksmart,2019,https://boxd.it/igNS
2020-02-01,Once Upon a Time... in Hollywood,2019,https://boxd.it/gH0O
2020-02-02,Eddie and the Cruisers,1983,https://boxd.it/1Buo
2020-02-08,Birds of Prey (and the Fantabulous Emancipation of One Harley Quinn),2020,https://boxd.it/hSyO
2020-02-13,Memory: The Origins of Alien,2019,https://boxd.it/kJ18
2020-02-14,Damsel,2018,https://boxd.it/eBqs
2020-02-14,Desperado,1995,https://boxd.it/20Bk
2020-02-17,Doctor Sleep,2019,https://boxd.it/i5vI
2020-02-18,Once Upon a Time in Mexico,2003,https://boxd.it/28LM
2020-02-18,A Nightmare on Elm Street,2010,https://boxd.it/1zdg
2020-02-18,A.M.I.,2019,https://boxd.it/mDIE
2020-02-19,Would You Rather,2012,https://boxd.it/3m0W
2020-02-20,Silent Hill,2006,https://boxd.it/2a3C
2020-03-10,Waiting to Exhale,1995,https://boxd.it/1jhc
2020-03-10,The Descent,2005,https://boxd.it/1YNy
2020-03-21,The Invisible Man,2020,https://boxd.it/kWlA
2020-04-05,Elvira: Mistress of the Dark,1988,https://boxd.it/22LG
2020-04-09,The Prince of Egypt,1998,https://boxd.it/1XGQ
2020-04-12,Daniel Isn't Real,2019,https://boxd.it/jAx8
2020-04-12,The Thing,2011,https://boxd.it/eS6
2020-04-16,Never Surrender: A Galaxy Quest Documentary,2019,https://boxd.it/nEZe
2020-04-18,Color Out of Space,2019,https://boxd.it/k1HY
2020-04-24,Tales from the Lodge,2019,https://boxd.it/llhe
2020-04-27,Circus of Books,2019,https://boxd.it/m2aA
2020-04-29,DeVour,2005,https://boxd.it/1OFE
2020-05-03,Urban Legend,1998,https://boxd.it/1XDi
2020-05-07,Darkness Falls,2003,https://boxd.it/1Vxs
2020-05-16,My Boyfriend's Back,1993,https://boxd.it/1iXc
2020-05-17,The Relic,1997,https://boxd.it/1UR2
2020-05-17,Creepshow 2,1987,https://boxd.it/1Kq6
2020-05-21,Phantasm,1979,https://boxd.it/1YaG
2020-05-21,Phantasm II,1988,https://boxd.it/1MHI
2020-05-26,Come to Daddy,2019,https://boxd.it/lAqK
2020-05-28,Population 436,2006,https://boxd.it/28vO
2020-05-29,Texas Chainsaw 3D,2013,https://boxd.it/2E7O
2020-05-29,Leatherface,2017,https://boxd.it/9yyS
2020-06-06,Strange Brew,1983,https://boxd.it/1R3S
2020-06-07,Pure,2019,https://boxd.it/mOaS
2020-06-07,"New Year, New You",2018,https://boxd.it/kNoK
2020-06-08,I'm Just F*cking with You,2019,https://boxd.it/lyFo
2020-06-08,Killer Grandma,2018,https://boxd.it/maI6
2020-06-09,Foxfire,1996,https://boxd.it/1GJo
2020-06-11,Stage Fright,2014,https://boxd.it/4V1M
2020-06-12,The Platform,2019,https://boxd.it/mUm6
2020-06-13,Sleepaway Camp II: Unhappy Campers,1988,https://boxd.it/1e2c
2020-06-13,Good Boy,2020,https://boxd.it/qAYW
2020-06-14,Tamara,2005,https://boxd.it/1WGq
2020-06-16,Doomed! The Untold Story of Roger Corman's The Fantastic Four,2015,https://boxd.it/6rue
2020-06-20,"Electric Boogaloo: The Wild, Untold Story of Cannon Films",2014,https://boxd.it/8HoU
2020-06-20,Scare Package,2019,https://boxd.it/nCsM
2020-06-21,The Faculty,1998,https://boxd.it/1Z5C
2020-06-23,After Midnight,2019,https://boxd.it/lAp8
2020-06-24,Z,2019,https://boxd.it/n5ag
2020-06-26,The Covenant,2006,https://boxd.it/1Xrw
2020-06-26,The Ranger,2018,https://boxd.it/ic9O
2020-06-28,The Room,2019,https://boxd.it/lqRw
2020-06-28,Renaissance,2006,https://boxd.it/1YO2
2020-06-30,You Should Have Left,2020,https://boxd.it/iDBA
2020-07-01,Bones,2001,https://boxd.it/1TZa
2020-07-02,The Wandering Earth,2019,https://boxd.it/jtJc
2020-07-04,What Lies Beneath,2000,https://boxd.it/26v8
2020-07-04,Splice,2009,https://boxd.it/17HW
2020-07-06,Winchester,2018,https://boxd.it/eGWS
2020-07-07,Wolf,1994,https://boxd.it/1Wn4
2020-07-12,Palm Springs,2020,https://boxd.it/lCXQ
2020-07-12,"I, Frankenstein",2014,https://boxd.it/3r40
2020-07-13,The Phantom,1996,https://boxd.it/1XIs
2020-07-14,Freddy vs. Jason,2003,https://boxd.it/21FC
2020-07-14,Jason Goes to Hell: The Final Friday,1993,https://boxd.it/1WDc
2020-07-15,The Old Guard,2020,https://boxd.it/jY2e
2020-07-15,Eurovision Song Contest: The Story of Fire Saga,2020,https://boxd.it/jkMG
2020-07-15,I Still Know What You Did Last Summer,1998,https://boxd.it/257O
2020-07-16,Chastity Bites,2013,https://boxd.it/5b9i
2020-07-16,The Ballad of Buster Scruggs,2018,https://boxd.it/jB2q
2020-07-21,All Hallows' Eve 2,2015,https://boxd.it/chwG
2020-07-21,All Hallows' Eve,2013,https://boxd.it/6OdU
2020-07-22,Resident Evil: The Final Chapter,2016,https://boxd.it/5lqS
2020-07-22,Logan Lucky,2017,https://boxd.it/dZrs
2020-07-22,Justice League Dark,2017,https://boxd.it/en7G
2020-07-22,Justice League Dark: Apokolips War,2020,https://boxd.it/mSeO
2020-07-28,You Don't Nomi,2019,https://boxd.it/lQ0I
2020-07-28,The Guest,2014,https://boxd.it/76RS
2020-07-29,The Rental,2020,https://boxd.it/lCQ6
2020-07-30,Vamps,2012,https://boxd.it/2wWY
2020-08-01,Resolution,2012,https://boxd.it/41hY
2020-08-02,Alita: Battle Angel,2019,https://boxd.it/e0rS
2020-08-03,Blow the Man Down,2019,https://boxd.it/lzJ2
2020-08-03,Happy Death Day,2017,https://boxd.it/fDz4
2020-08-03,Happy Death Day 2U,2019,https://boxd.it/ixt6
2020-08-03,The Dunwich Horror,2008,https://boxd.it/P06
2020-08-04,Brahms: The Boy II,2020,https://boxd.it/klag
2020-08-04,Don't Be Afraid of the Dark,2010,https://boxd.it/NAw
2020-08-05,Leprechaun Returns,2018,https://boxd.it/iMLa
2020-08-06,Late Phases,2014,https://boxd.it/7t3G
2020-08-07,Stake Land,2010,https://boxd.it/A1S
2020-08-08,Among Friends,2012,https://boxd.it/47fu
2020-08-10,Selfie from Hell,2018,https://boxd.it/hO2a
2020-08-11,Host,2020,https://boxd.it/r5O4
2020-08-12,An American Pickle,2020,https://boxd.it/niWi
2020-08-13,Deep Blue Sea 3,2020,https://boxd.it/qj6I
2020-08-14,Tread,2020,https://boxd.it/lb3G
2020-08-23,Live from the Space Stage: A HALYX Story,2020,https://boxd.it/vDdu
2020-08-23,American Nightmares,2018,https://boxd.it/k9uS
2020-08-27,We Summon the Darkness,2019,https://boxd.it/jXa2
2020-08-28,1BR,2019,https://boxd.it/mBag
2020-08-29,Class Action Park,2020,https://boxd.it/nvJm
2020-09-07,They're Watching,2016,https://boxd.it/dmsc
2020-09-07,Scary Stories,2018,https://boxd.it/i7yO
2020-09-10,Madame X - An Absolute Ruler,1978,https://boxd.it/4gtq
2020-09-11,Feels Good Man,2020,https://boxd.it/oigS
2020-09-25,Teddy,2020,https://boxd.it/qEtS
2020-10-24,Books of Blood,2020,https://boxd.it/qM00
2020-10-24,Disappearance at Clifton Hill,2019,https://boxd.it/m4nG
2020-10-26,The Mortuary Collection,2019,https://boxd.it/j2Ek
2020-10-26,Direct to Video: Straight to Video Horror of the 90s,2019,https://boxd.it/nj68
2020-10-28,Antebellum,2020,https://boxd.it/neiI
2020-10-28,Silent Night Deadly Night 4: Initiation,1990,https://boxd.it/hz2
2020-10-28,Stir of Echoes,1999,https://boxd.it/1Ts6
2020-11-02,Band Aid,2017,https://boxd.it/f5lW
2020-11-02,The Craft: Legacy,2020,https://boxd.it/lKYs
2020-11-03,Bad Hair,2020,https://boxd.it/jhAC
2020-11-07,Girl Walks Into a Bar,2011,https://boxd.it/j5y
2020-11-09,The New Mutants,2020,https://boxd.it/bjle
2020-11-15,Ouija: Origin of Evil,2016,https://boxd.it/b5EG
2020-11-15,Call Me Lucky,2015,https://boxd.it/aeao
2020-11-16,In the Mouth of Madness,1994,https://boxd.it/26vi
2020-11-23,Enola Holmes,2020,https://boxd.it/hX2o
2020-11-24,Speed Racer,2008,https://boxd.it/20UQ
2020-11-25,Men in Black: International,2019,https://boxd.it/hdJw
2020-11-26,Deathgasm,2015,https://boxd.it/avNs
2020-11-29,The Lie,2018,https://boxd.it/jF2a
2020-12-05,Freaky,2020,https://boxd.it/ka42
2020-12-05,All the Boys Love Mandy Lane,2006,https://boxd.it/1Zmy
2020-12-08,Vampires vs. the Bronx,2020,https://boxd.it/kP9M
2020-12-11,Run,2020,https://boxd.it/jVM4
2020-12-18,Abnormal Attraction,2018,https://boxd.it/li9w
2020-12-20,A Goofy Movie,1995,https://boxd.it/1Lwu
2020-12-20,Phantom of the Paradise,1974,https://boxd.it/1s34
2020-12-20,Blow Out,1981,https://boxd.it/1TlE
2020-12-21,Unknown Origins,2020,https://boxd.it/fzQ6
2020-12-21,The Boy Downstairs,2017,https://boxd.it/g1YW
2020-12-22,30 Days of Night,2007,https://boxd.it/24dw
2020-12-23,Freaks – You're One of Us,2020,https://boxd.it/ovM8
2020-12-25,The Monster Squad,1987,https://boxd.it/1Q1w
2020-12-25,Wolfman's Got Nards,2018,https://boxd.it/iKzm
2020-12-25,His Name Was Jason: 30 Years of Friday the 13th,2009,https://boxd.it/1N1y
2020-12-26,J.R. “Bob” Dobbs and The Church of the SubGenius,2019,https://boxd.it/lbdc
2020-12-26,Friday,1995,https://boxd.it/1VLO
2020-12-26,Coyote Ugly,2000,https://boxd.it/21PW
2020-12-27,Quicksilver Highway,1997,https://boxd.it/1ukQ
2020-12-27,Charlotte,2017,https://boxd.it/gVf4
2020-12-28,Jenifer,2005,https://boxd.it/9vwY
2020-12-28,Dance of the Dead,2005,https://boxd.it/al7c
2020-12-28,Dreams in the Witch House,2005,https://boxd.it/al7m
2020-12-28,Incident On and Off a Mountain Road,2005,https://boxd.it/al7w
2020-12-28,Chocolate,2005,https://boxd.it/al72
2020-12-28,Homecoming,2005,https://boxd.it/9nEA
2020-12-28,Deer Woman,2005,https://boxd.it/8ZnK
2020-12-29,Cigarette Burns,2005,https://boxd.it/aH2y
2020-12-30,Sick Girl,2006,https://boxd.it/b0UO
2020-12-31,Pro-Life,2006,https://boxd.it/9tLW
2020-12-31,The Damned Thing,2006,https://boxd.it/al5K
2020-12-31,Family,2006,https://boxd.it/al5q
2020-12-31,Sounds Like,2006,https://boxd.it/91cE
2021-01-01,The Screwfly Solution,2006,https://boxd.it/2dlY
2021-01-02,Right to Die,2007,https://boxd.it/al4s
2021-01-02,We All Scream for Ice Cream,2007,https://boxd.it/6TdK
2021-01-02,The Black Cat,2007,https://boxd.it/al3O
2021-01-04,The Washingtonians,2007,https://boxd.it/akUs
2021-01-04,Dream Cruise,2007,https://boxd.it/akU8
2021-01-11,We Can Be Heroes,2020,https://boxd.it/mLc2
2021-01-17,Promising Young Woman,2020,https://boxd.it/loRE
2021-01-24,In Search of Darkness: Part II,2020,https://boxd.it/s6Au
2021-02-14,Willy's Wonderland,2021,https://boxd.it/nTcG
2021-02-18,All the Creatures Were Stirring,2018,https://boxd.it/iy5O
2021-02-18,A Babysitter's Guide to Monster Hunting,2020,https://boxd.it/n89g
2021-02-20,Witchboard,1986,https://boxd.it/1HJu
2021-02-20,Angel Heart,1987,https://boxd.it/29WG
2021-02-20,Jiu Jitsu,2020,https://boxd.it/lKLe
2021-02-20,The Wolf of Snow Hollow,2020,https://boxd.it/oeu2
2021-02-22,Space Sweepers,2021,https://boxd.it/lnnI
2021-02-23,Tentacles,2021,https://boxd.it/tz6q
2021-03-06,Scare Me,2020,https://boxd.it/oimc
2021-03-08,To Your Last Death,2019,https://boxd.it/cFLq
2021-03-19,Zack Snyder's Justice League,2021,https://boxd.it/tLOk
2021-03-23,Dirty Computer,2018,https://boxd.it/iLhe
2021-03-28,Slaxx,2020,https://boxd.it/ml7K
2021-04-10,Blood Moon,2021,https://boxd.it/tUjK
2021-04-12,A Nightmare Wakes,2020,https://boxd.it/s3lc
2021-04-12,Leprechaun: Back 2 tha Hood,2003,https://boxd.it/1FlU
2021-04-19,Candyman: Day of the Dead,1999,https://boxd.it/1RTu
2021-04-21,Raya and the Last Dragon,2021,https://boxd.it/jbkI
2021-04-28,Sky Sharks,2020,https://boxd.it/ap0k
2021-04-30,Jakob's Wife,2021,https://boxd.it/tyte
2021-05-01,Bride of Chucky,1998,https://boxd.it/1SJU
2021-05-01,Seed of Chucky,2004,https://boxd.it/1UgA
2021-05-02,Hello I Must Be Going,2012,https://boxd.it/2Yb2
2021-05-02,9 Songs,2004,https://boxd.it/702
2021-05-02,Space Truckers,1996,https://boxd.it/1VD6
2021-05-02,Two Evil Eyes,1990,https://boxd.it/1njc
2021-05-03,The Mitchells vs. the Machines,2021,https://boxd.it/i7xm
2021-05-03,Robot Jox,1989,https://boxd.it/1LRs
2021-05-04,Map to the Stars,2018,https://boxd.it/pSIg
2021-05-05,Rattlesnake,2019,https://boxd.it/kwvY
2021-05-07,House on Haunted Hill,1999,https://boxd.it/1TZE
2021-05-07,Ghost Ship,2002,https://boxd.it/1Y9y
2021-05-08,Death Ship,1980,https://boxd.it/1iuO
2021-05-08,The Frighteners,1996,https://boxd.it/1Vq2
2021-05-09,Another Round,2020,https://boxd.it/lkba
2021-05-10,The Lockdown Hauntings,2021,https://boxd.it/ru7Y
2021-05-11,Things Heard & Seen,2021,https://boxd.it/nnJI
2021-05-12,Waxwork,1988,https://boxd.it/1odO
2021-05-12,Waxwork II: Lost in Time,1992,https://boxd.it/1oRO
2021-05-13,Skeletons in the Closet,2018,https://boxd.it/jZRM
2021-05-13,Monster Party,2018,https://boxd.it/goKS
2021-05-15,The Scary House,2020,https://boxd.it/rALK
2021-05-16,Who's Afraid of Virginia Woolf?,1966,https://boxd.it/2atK
2021-05-17,Intersect,2020,https://boxd.it/rDjY
2021-05-18,Dagon,2001,https://boxd.it/1Vh0
2021-05-18,"Lock, Stock and Two Smoking Barrels",1998,https://boxd.it/2b92
2021-05-19,Night of the Living Dead,1990,https://boxd.it/1Fwe
2021-05-20,Tenacious D in The Pick of Destiny,2006,https://boxd.it/27go
2021-05-21,"Chutzpah, This Is?",2005,https://boxd.it/h7Mu
2021-05-23,El Mariachi,1992,https://boxd.it/1YRq
2021-05-25,Benny Loves You,2019,https://boxd.it/o30A
2021-05-26,The Conjuring,2013,https://boxd.it/4sr2
2021-05-28,Night of the Demons,2009,https://boxd.it/1rjq
2021-05-28,Night of the Demons,1988,https://boxd.it/1wLO
2021-06-05,Wonder Woman 1984,2020,https://boxd.it/gBtA
2021-06-21,The Conjuring: The Devil Made Me Do It,2021,https://boxd.it/eXZY
2021-06-22,Castle Freak,1995,https://boxd.it/1Hhg
2021-06-24,Bo Burnham: Inside,2021,https://boxd.it/v2uy
2021-06-25,An Unquiet Grave,2020,https://boxd.it/s3j6
2021-06-28,Honeymoon,2014,https://boxd.it/7t3w
2021-07-02,Darkman,1990,https://boxd.it/1YnK
2021-07-05,Fear Street: 1994,2021,https://boxd.it/lLBk
2021-07-06,Excalibur,1981,https://boxd.it/1TDI
2021-07-06,Werewolves Within,2021,https://boxd.it/u8fC
2021-07-11,Fear Street: 1978,2021,https://boxd.it/lLBu
2021-07-12,The Kid Detective,2020,https://boxd.it/r0qm
2021-07-12,Grind,2003,https://boxd.it/1DSM
2021-07-13,Rise of the Planet of the Apes,2011,https://boxd.it/cS4
2021-07-13,The Current Occupant,2020,https://boxd.it/qE3K
2021-07-17,Sinister 2,2015,https://boxd.it/8L58
2021-07-23,Fear Street: 1666,2021,https://boxd.it/lLBE
2021-07-26,The Strangers: Prey at Night,2018,https://boxd.it/cTfe
2021-07-30,Dawn of the Planet of the Apes,2014,https://boxd.it/3XyQ
2021-07-30,Cadaver,2020,https://boxd.it/pSAG
2021-08-01,Swan Song,2021,https://boxd.it/tT40
2021-08-02,The Dead Zone,1983,https://boxd.it/1U6g
2021-08-04,Species,1995,https://boxd.it/1YUk
2021-08-04,Species II,1998,https://boxd.it/1WNw
2021-08-04,Black Widow,2021,https://boxd.it/hWV8
2021-08-06,Prom Night,2008,https://boxd.it/201c
2021-08-06,Prom Night,1980,https://boxd.it/1aeS
2021-08-09,Pooka Lives!,2020,https://boxd.it/pEEO
2021-08-20,Halloween Party,2019,https://boxd.it/jQCe
2021-08-22,Dead End,2003,https://boxd.it/1TRK
2021-08-24,Severance,2006,https://boxd.it/23nq
2021-08-26,Mercy Black,2019,https://boxd.it/lIZI
2021-08-28,The Witcher: Nightmare of the Wolf,2021,https://boxd.it/oNDI
2021-08-28,False Positive,2021,https://boxd.it/lMom
2021-08-28,The Amityville Horror,2005,https://boxd.it/1Xb4
2021-08-28,Amityville: The Awakening,2017,https://boxd.it/67wu
2021-08-29,The Gentlemen,2019,https://boxd.it/iYBQ
2021-08-29,Wrath of Man,2021,https://boxd.it/nEia
2021-09-01,You Can't Kill Stephen King,2012,https://boxd.it/4qlQ
2021-09-01,Candyman,2021,https://boxd.it/kHFg
2021-09-02,The Orange Years: The Nickelodeon Story,2018,https://boxd.it/hgP8
2021-09-06,Jay and Silent Bob Strike Back,2001,https://boxd.it/26ZM
2021-09-06,Chasing Amy,1997,https://boxd.it/274W
2021-09-07,Digging Up the Marrow,2014,https://boxd.it/8AsK
2021-09-09,Censor,2021,https://boxd.it/oHFS
2021-09-13,Casper,1995,https://boxd.it/1ZMw
2021-09-13,The Forever Purge,2021,https://boxd.it/mdzc
2021-09-14,Malignant,2021,https://boxd.it/mViE
2021-09-14,Doggie Heaven,2008,https://boxd.it/6dUi
2021-09-21,Halloween: The Curse of Michael Myers,1995,https://boxd.it/1UVe
2021-09-23,Halloween: Resurrection,2002,https://boxd.it/1TQs
2021-09-23,Blood Fest,2018,https://boxd.it/gW1i
2021-09-24,War for the Planet of the Apes,2017,https://boxd.it/8FE2
2021-09-27,Old,2021,https://boxd.it/npKI
2021-10-03,Exorcist: The Beginning,2004,https://boxd.it/1UPg
2021-10-04,Queen of the Damned,2002,https://boxd.it/1SCu
2021-10-04,Tragedy Girls,2017,https://boxd.it/eB7K
2021-10-07,The Haunting,1999,https://boxd.it/1Tpw
2021-10-08,The Hitcher,1986,https://boxd.it/1Yq0
2021-10-09,The Hitcher,2007,https://boxd.it/20e6
2021-10-10,Possession,1981,https://boxd.it/1BPm
2021-10-14,Transylvania 6-5000,1985,https://boxd.it/1wkS
2021-10-15,Vibes,1988,https://boxd.it/1CiI
2021-10-29,Dune,2021,https://boxd.it/fA7G
2021-10-29,Shin Godzilla,2016,https://boxd.it/a9lm
2021-10-31,The Spine of Night,2021,https://boxd.it/tVjm
2021-11-01,Lyle,2014,https://boxd.it/8Ooi
2021-11-16,Halloween Kills,2021,https://boxd.it/mxzG
2021-11-20,Citizen Kane,1941,https://boxd.it/71O
2021-11-25,Midnight Mass,2021,https://boxd.it/wvVA
2021-11-28,Super Hot,2021,https://boxd.it/w6SG
2021-12-01,Bloody Hell,2020,https://boxd.it/q2CM
2021-12-09,Hansel & Gretel: Witch Hunters,2013,https://boxd.it/gmw
2021-12-17,Shang-Chi and the Legend of the Ten Rings,2021,https://boxd.it/kLDI
2021-12-25,Hello Mary Lou: Prom Night II,1987,https://boxd.it/12T4
2021-12-28,Resident Evil: Welcome to Raccoon City,2021,https://boxd.it/gsvM
2021-12-28,The Dead Don't Die,2019,https://boxd.it/juZg
2022-01-03,Fullmetal Alchemist: Brotherhood,2009,https://boxd.it/ptii
2022-01-07,Elvira's Haunted Hills,2001,https://boxd.it/1BEe
2022-01-07,Grabbers,2012,https://boxd.it/2XL4
2022-01-08,Free Guy,2021,https://boxd.it/k8dm
2022-01-08,The Matrix Resurrections,2021,https://boxd.it/n87k
2022-01-09,Don't Look Up,2021,https://boxd.it/o0Hc
2022-01-14,Venom: Let There Be Carnage,2021,https://boxd.it/llco
2022-01-14,#Horror,2015,https://boxd.it/9AhO
2022-01-17,Bad Candy,2020,https://boxd.it/iU1a
2022-01-19,Brand New Cherry Flavor,2021,https://boxd.it/wlSQ
2022-01-22,"Woodstock 99: Peace, Love, and Rage",2021,https://boxd.it/w1pa
2022-01-23,Antlers,2021,https://boxd.it/iI50
2022-01-23,The Empty Man,2020,https://boxd.it/iIWS
2022-01-29,Ghostbusters: Afterlife,2021,https://boxd.it/f4Pw
2022-01-29,The Many Saints of Newark,2021,https://boxd.it/j356
2022-01-29,Horror Express,1972,https://boxd.it/1gPK
2022-02-01,Charm Circle,2021,https://boxd.it/vvF6
2022-02-03,Ask Dr. Ruth,2019,https://boxd.it/kKAy
2022-02-04,A Creepshow Holiday Special,2020,https://boxd.it/sEAo
2022-02-04,A Creepshow Animated Special,2020,https://boxd.it/spug
2022-02-04,Horror Noire,2021,https://boxd.it/wEqm
2022-02-05,The Columnist,2019,https://boxd.it/oqke
2022-02-06,Hilda and the Mountain King,2021,https://boxd.it/tHmQ
2022-02-08,The Devil's Advocate,1997,https://boxd.it/286k
2022-02-09,Friday the 13th,2009,https://boxd.it/1QAw
2022-02-11,Iron Sky: The Coming Race,2019,https://boxd.it/9CPo
2022-02-11,The Texas Chainsaw Massacre,2003,https://boxd.it/1YQs
2022-02-11,The Texas Chainsaw Massacre: The Beginning,2006,https://boxd.it/1VpI
2022-02-12,Toolbox Murders,2004,https://boxd.it/1JIo
2022-02-12,Mortuary,2005,https://boxd.it/1OvE
2022-02-13,Snakes on a Plane,2006,https://boxd.it/2aAw
2022-02-14,Wishmaster,1997,https://boxd.it/1WtG
2022-02-15,Thir13en Ghosts,2001,https://boxd.it/1YPO
2022-02-19,The Return of the Texas Chainsaw Massacre,1995,https://boxd.it/1JH6
2022-02-19,Cherry Falls,2000,https://boxd.it/1RyQ
2022-02-20,Valentine,2001,https://boxd.it/1UVI
2022-02-21,Texas Chainsaw Massacre,2022,https://boxd.it/ns6c
2022-02-23,Titane,2021,https://boxd.it/nlQC
2022-02-23,Dracula: Dead and Loving It,1995,https://boxd.it/1Swm
2022-02-26,No Time to Die,2021,https://boxd.it/cPX2
2022-02-27,Dorian Gray,2009,https://boxd.it/1zaw
2022-02-28,The Suicide Squad,2021,https://boxd.it/fw6O
2022-03-01,The King's Man,2021,https://boxd.it/h714
2022-03-01,A Tale of Two Sisters,2003,https://boxd.it/248m
2022-03-03,Frankenhooker,1990,https://boxd.it/1saE
2022-03-08,Scary Movie 5,2013,https://boxd.it/24AU
2022-03-09,Scary Movie 4,2006,https://boxd.it/24B4
2022-03-09,Not Another Teen Movie,2001,https://boxd.it/1TWq
2022-03-13,American Psycho II: All American Girl,2002,https://boxd.it/1VxC
2022-03-16,Hawkeye,2021,https://boxd.it/xQqK
2022-03-18,Leprechaun 4: In Space,1997,https://boxd.it/1Fm4
2022-03-27,Shark Night 3D,2011,https://boxd.it/4Bu
2022-03-27,Dracula Untold,2014,https://boxd.it/H4u
2022-03-28,The Lure,2015,https://boxd.it/d3mE
2022-03-31,Vampires: Los Muertos,2002,https://boxd.it/1VQu
2022-04-05,Everything Everywhere All at Once,2022,https://boxd.it/jUk4
2022-04-08,Face/Off,1997,https://boxd.it/29I0
2022-04-11,Open 24 Hours,2018,https://boxd.it/jnvo
2022-05-02,Baby Oopsie,2021,https://boxd.it/weWm
2022-05-03,Space Cop,2016,https://boxd.it/8DF8
2022-05-08,Moon Knight,2022,https://boxd.it/zeDq
2022-05-08,Tommy,1975,https://boxd.it/1U7S
2022-05-09,Listening to Kenny G,2021,https://boxd.it/wp0S
2022-05-15,The Cell,2000,https://boxd.it/1ZLS
2022-05-24,Jeepers Creepers,2001,https://boxd.it/1ZAg
2022-05-25,Sonic the Hedgehog 2,2022,https://boxd.it/pb8O
2022-05-25,Jeepers Creepers 2,2003,https://boxd.it/1U3Q
2022-05-25,Jeepers Creepers 3,2017,https://boxd.it/s3Q
2022-05-30,The Unbearable Weight of Massive Talent,2022,https://boxd.it/o6eK
2022-05-30,We're All Going to the World's Fair,2021,https://boxd.it/tbmY
2022-05-31,Boys from County Hell,2020,https://boxd.it/pnVS
2022-06-03,Fantastic Beasts: The Secrets of Dumbledore,2022,https://boxd.it/bg8Q
2022-06-04,Morbius,2022,https://boxd.it/j978
2022-06-06,Miskatonic U,2021,https://boxd.it/uakE
2022-06-06,Beyond Re-Animator,2003,https://boxd.it/1TRq
2022-06-08,Darkness,2002,https://boxd.it/1UKq
2022-06-09,All My Friends Hate Me,2021,https://boxd.it/uWPK
2022-06-12,Return to House on Haunted Hill,2007,https://boxd.it/1PTi
2022-06-24,Hellbender,2021,https://boxd.it/w1Im
2022-06-28,Looney Tunes: Back in Action,2003,https://boxd.it/1Vzo
2022-07-02,The Boys from Brazil,1978,https://boxd.it/1KvK
2022-07-07,Jurassic World Dominion,2022,https://boxd.it/ikXW
2022-07-07,Chip 'n Dale: Rescue Rangers,2022,https://boxd.it/eSk2
2022-07-07,Doctor Strange in the Multiverse of Madness,2022,https://boxd.it/gaTc
2022-07-08,Obi-Wan Kenobi,2022,https://boxd.it/yLBA
2022-07-08,Irma Vep,1996,https://boxd.it/1vYs
2022-07-09,The Scary of Sixty-First,2021,https://boxd.it/r6uY
2022-07-09,Scream,2022,https://boxd.it/o0lg
2022-07-11,Jay and Silent Bob Reboot,2019,https://boxd.it/fFvS
2022-07-12,Dogma,1999,https://boxd.it/284e
2022-07-24,The Bob's Burgers Movie,2022,https://boxd.it/if7w
2022-07-25,The Black Phone,2021,https://boxd.it/sqFE
2022-07-26,A Perfect Getaway,2009,https://boxd.it/1S3Y
2022-07-27,The Gray Man,2022,https://boxd.it/rb7q
2022-07-27,Master,2022,https://boxd.it/poPm
2022-07-29,TRIGUN,1998,https://boxd.it/px2y
2022-08-05,Pennywise: The Story of ‘It’,2021,https://boxd.it/iyuO
2022-08-05,Devil,2010,https://boxd.it/SX6
2022-08-07,The Day of the Beast,1995,https://boxd.it/1Vyg
2022-08-08,Heathers,1989,https://boxd.it/26x4
2022-08-16,The Hunt,2020,https://boxd.it/iE9i
2022-08-16,Bleed with Me,2020,https://boxd.it/qxV6
2022-08-24,Glorious,2022,https://boxd.it/zrn6
2022-08-28,Choose or Die,2022,https://boxd.it/vDag
2022-08-29,Nope,2022,https://boxd.it/sDCe
2022-08-30,Orphan: First Kill,2022,https://boxd.it/sxZc
2022-08-31,Seance,2021,https://boxd.it/nOn0
2022-08-31,Haunt,2019,https://boxd.it/iK78
2022-09-01,Moloch,2022,https://boxd.it/AdVg
2022-09-01,Intruder,1989,https://boxd.it/1jJA
2022-09-20,Jug Face,2013,https://boxd.it/4Vu0
2022-09-22,Habit,1995,https://boxd.it/1p4y
2022-09-24,Kimi,2022,https://boxd.it/u7LW
2022-09-24,The Man from U.N.C.L.E.,2015,https://boxd.it/67lG
2022-09-25,The Munsters,2022,https://boxd.it/uhC6
2022-09-28,Aliens vs Predator: Requiem,2007,https://boxd.it/2ans
2022-09-29,Star vs. the Forces of Evil: The Battle for Mewni,2017,https://boxd.it/gzIy
2022-10-03,Cyberpunk: Edgerunners,2022,https://boxd.it/COP4
2022-10-04,Six-String Samurai,1998,https://boxd.it/1x5a
2022-10-05,Shoot 'Em Up,2007,https://boxd.it/24LI
2022-10-05,The Woods,2006,https://boxd.it/21iI
2022-10-06,Thor: Love and Thunder,2022,https://boxd.it/mMAY
2022-10-06,Wendigo,2001,https://boxd.it/Scu
2022-10-06,The Last Winter,2006,https://boxd.it/1LMC
2022-10-07,Steven Universe: The Movie,2019,https://boxd.it/jyE2
2022-10-07,Steven Universe Future,2019,https://boxd.it/pWN0
2022-10-09,Depraved,2019,https://boxd.it/i7Be
2022-10-11,Hellraiser,2022,https://boxd.it/bg7S
2022-10-14,Three... Extremes,2004,https://boxd.it/1eGw
2022-10-17,Halloween Ends,2022,https://boxd.it/mO8M
2022-10-18,The Theatre Bizarre,2011,https://boxd.it/2WyS
2022-10-24,Werewolf by Night,2022,https://boxd.it/xMrO
2022-10-24,The School for Good and Evil,2022,https://boxd.it/tjO2
2022-11-14,Cowboy Bebop: The Movie,2001,https://boxd.it/1Uc4
2022-11-14,Cowboy Bebop,1998,https://boxd.it/ptES
2022-11-16,R.I.P.D. 2: Rise of the Damned,2022,https://boxd.it/CjLq
2022-11-17,Lightyear,2022,https://boxd.it/qV1G
2022-11-19,The Block Island Sound,2020,https://boxd.it/rrag
2022-11-20,Smile,2022,https://boxd.it/xjfE
2022-11-21,Enola Holmes 2,2022,https://boxd.it/vfDe
2022-11-21,The Nice Guys,2016,https://boxd.it/94Hg
2022-11-21,The Murmuring,2022,https://boxd.it/DkhI
2022-11-21,Dreams in the Witch House,2022,https://boxd.it/Dkh4
2022-11-21,The Outside,2022,https://boxd.it/DkgA
2022-11-22,Lot 36,2022,https://boxd.it/Dk7I
2022-11-22,Graveyard Rats,2022,https://boxd.it/DkfM
2022-11-22,The Autopsy,2022,https://boxd.it/Dkgg
2022-11-22,Pickman's Model,2022,https://boxd.it/DkgU
2022-11-23,Prey,2022,https://boxd.it/sNBU
2022-11-24,The Viewing,2022,https://boxd.it/Dkhy
2022-11-24,Weird: The Al Yankovic Story,2022,https://boxd.it/yYZA
2022-11-27,Disney Channel's Theme: A History Mystery,2022,https://boxd.it/DLUC
2022-11-29,Bringing Out the Dead,1999,https://boxd.it/1ZZK
2022-11-29,Nineteen Eighty-Four,1984,https://boxd.it/1YZE
2022-11-30,The Princess and the Frog,2009,https://boxd.it/1WQq
2022-12-01,Disney's FastPass: A Complicated History,2021,https://boxd.it/EnIY
2022-12-02,Mallrats,1995,https://boxd.it/26ZW
2022-12-06,Barbarian,2022,https://boxd.it/yohi
2022-12-07,Watchmen,2019,https://boxd.it/ol5e
2022-12-07,Twin Peaks: The Return,2017,https://boxd.it/hN9O
2022-12-07,Twin Peaks,1989,https://boxd.it/g8pk
2022-12-07,Loki,2021,https://boxd.it/sbHg
2022-12-07,WandaVision,2021,https://boxd.it/sbGW
2022-12-07,Ms. Marvel,2022,https://boxd.it/ANCY
2022-12-07,Marvel's The Defenders,2017,https://boxd.it/oszg
2022-12-07,The Young Pope,2016,https://boxd.it/g3y2
2022-12-07,"Love, Death & Robots: Sonnie's Edge",2019,https://boxd.it/lECg
2022-12-07,Bacurau,2019,https://boxd.it/fSUG
2022-12-07,Trilogy of Terror,1975,https://boxd.it/15cM
2022-12-07,The Lodge,2019,https://boxd.it/h2c2
2022-12-09,Clerks III,2022,https://boxd.it/nAaQ
2022-12-11,The Automat,2021,https://boxd.it/rnee
2022-12-12,Faust,1994,https://boxd.it/1G3i
2022-12-12,Trilogy of Terror II,1996,https://boxd.it/Ovs
2022-12-16,Mass Hysteria,2019,https://boxd.it/lPZA
2022-12-16,Uncle Sam,1996,https://boxd.it/1Y4o
2022-12-17,Call Me Miss Cleo,2022,https://boxd.it/DXfm
2022-12-17,House of 1000 Corpses,2003,https://boxd.it/26uE
2022-12-21,See How They Run,2022,https://boxd.it/sNVq
2022-12-24,Scare Package II: Rad Chad’s Revenge,2022,https://boxd.it/yubq
2022-12-24,All Cheerleaders Die,2013,https://boxd.it/6ipk
2022-12-24,Sadistic Intentions,2019,https://boxd.it/ka0a
2022-12-27,Uncle Moses,1932,https://boxd.it/7LJq
2023-01-01,Folklore: Broker of Death,2021,https://boxd.it/BvEO
2023-01-01,Folklore: A Mother's Love,2018,https://boxd.it/kaU8
2023-01-01,Folklore: Tatami,2018,https://boxd.it/DqTe
2023-01-02,Folklore: Pob,2018,https://boxd.it/kbHY
2023-01-02,Folklore: Toyol,2018,https://boxd.it/kbCu
2023-01-02,Folklore: Mongdal,2018,https://boxd.it/kbyM
2023-01-03,Glass Onion,2022,https://boxd.it/oCkK
2023-01-23,The Hatred,2017,https://boxd.it/gGzy
2023-01-26,Turning Red,2022,https://boxd.it/ipkq
2023-01-26,Austin Powers: International Man of Mystery,1997,https://boxd.it/29y0
2023-01-30,Rockula,1990,https://boxd.it/2Haw
2023-02-06,There's Something Wrong with the Children,2023,https://boxd.it/xYzA
2023-02-12,Magic Mike,2012,https://boxd.it/2HvY
2023-02-13,Magic Mike XXL,2015,https://boxd.it/7TTS
2023-02-19,Romeo + Juliet,1996,https://boxd.it/2ama
2023-02-25,The Congress,2013,https://boxd.it/4Ota
2023-02-25,World of Tomorrow,2015,https://boxd.it/9Gr6
2023-02-26,M3GAN,2022,https://boxd.it/jxmG
2023-02-26,Benedetta,2021,https://boxd.it/gdNQ
2023-02-26,Elle,2016,https://boxd.it/bdhq
2023-02-27,Knock at the Cabin,2023,https://boxd.it/npL2
2023-02-28,Lace Crater,2015,https://boxd.it/bSCu
2023-03-01,"No Telling (Or, The Frankenstein Complex)",1991,https://boxd.it/25xC
2023-03-02,Black Panther: Wakanda Forever,2022,https://boxd.it/igPu
2023-03-02,The Menu,2022,https://boxd.it/lScm
2023-03-09,Shadow Zone: The Undead Express,1996,https://boxd.it/2Qv4
2023-03-10,Shadow Zone: My Teacher Ate My Homework,1997,https://boxd.it/3KQW
2023-03-11,All About Evil,2010,https://boxd.it/2tuW
2023-03-13,Scream 3,2000,https://boxd.it/24Ei
2023-03-14,Scream 4,2011,https://boxd.it/Zmc
2023-03-15,Dumplings,2004,https://boxd.it/1ZgA
2023-03-17,Tales From The Dark 1,2013,https://boxd.it/6eRY
2023-03-19,Run Sweetheart Run,2020,https://boxd.it/jo2C
2023-03-21,Tales From The Dark 2,2013,https://boxd.it/6BG0
2023-03-21,Dark Water,2005,https://boxd.it/1Zou
2023-03-22,The Wicker Man,2006,https://boxd.it/1XZS
2023-03-22,Dead Snow,2009,https://boxd.it/1O4e
2023-03-23,Dead Snow 2: Red vs. Dead,2014,https://boxd.it/76Ro
2023-03-23,Dawn of the Dead,2004,https://boxd.it/29gK
2023-03-24,Better Luck Tomorrow,2002,https://boxd.it/1On6
2023-03-29,Martin,1977,https://boxd.it/1tJ6
2023-03-29,Blood Relatives,2022,https://boxd.it/Cj5Y
2023-03-29,Cursed Friends,2022,https://boxd.it/D0vq
2023-03-30,Infinity Pool,2023,https://boxd.it/oPSK
2023-04-02,From Hell,2001,https://boxd.it/29FK
2023-04-08,Le Bonheur,1965,https://boxd.it/xyk
2023-04-10,The Shining,1980,https://boxd.it/29Nu
2023-04-15,Living with Chucky,2022,https://boxd.it/yUCi
2023-04-15,Scary Movie,2000,https://boxd.it/24CG
2023-04-16,Scary Movie 2,2001,https://boxd.it/24Cw
2023-04-16,Puppet Master: Doktor Death,2022,https://boxd.it/thIm
2023-04-16,Retro Puppet Master,1999,https://boxd.it/1sNc
2023-04-17,Dark Water,2002,https://boxd.it/1Sik
2023-04-21,Superman/Batman: Public Enemies,2009,https://boxd.it/1zXS
2023-04-22,Batman and Harley Quinn,2017,https://boxd.it/eo2C
2023-04-22,Batman: Gotham by Gaslight,2018,https://boxd.it/gU7e
2023-04-24,Oblivion,2013,https://boxd.it/2Bzq
2023-04-24,The Christmas Tapes,2022,https://boxd.it/CzBQ
2023-05-02,Scream VI,2023,https://boxd.it/zdfW
2023-05-05,Congo,1995,https://boxd.it/1WwU
2023-05-05,The Legend of Tarzan,2016,https://boxd.it/7DUU
2023-05-06,Renfield,2023,https://boxd.it/o8vy
2023-05-10,Evil Dead Rise,2023,https://boxd.it/qIvo
2023-05-15,Blast from the Past,1999,https://boxd.it/1ToS
2023-05-16,Encino Man,1992,https://boxd.it/1Wls
2023-05-16,Airheads,1994,https://boxd.it/1POW
2023-05-16,Hanukkah on Rye,2022,https://boxd.it/CU0c
2023-06-14,Dungeons & Dragons: Honor Among Thieves,2023,https://boxd.it/hN1A
2023-06-15,Shazam! Fury of the Gods,2023,https://boxd.it/lV0S
2023-06-18,The Super Mario Bros. Movie,2023,https://boxd.it/i8C8
2023-07-15,Wong Ping's Fables 1,2019,https://boxd.it/lHD2
2023-07-15,Wong Ping's Fables 2,2019,https://boxd.it/lHDc
2023-07-15,Wong Ping Animation Collection,2019,https://boxd.it/lIdE
2023-08-02,JoJo's Bizarre Adventure: Diamond is Unbreakable – Chapter 1,2017,https://boxd.it/fiP6
2023-08-06,The Flash,2023,https://boxd.it/9twC
2023-08-08,Spider-Man: Across the Spider-Verse,2023,https://boxd.it/kSz4
2023-08-09,The Wild Goose Lake,2019,https://boxd.it/l8bs
2023-08-10,Guardians of the Galaxy Vol. 3,2023,https://boxd.it/fVNI
2023-08-21,Cecil B. Demented,2000,https://boxd.it/1OA0
2023-08-23,The Virgin Suicides,1999,https://boxd.it/28JG
2023-08-28,Meg 2: The Trench,2023,https://boxd.it/mLvo
2023-09-05,Nimona,2023,https://boxd.it/Aiyc
2023-09-19,Game Night,2018,https://boxd.it/fRtu
2023-09-20,Hellboy Animated: Blood and Iron,2007,https://boxd.it/1QB0
2023-09-21,FearDotCom,2002,https://boxd.it/1YpG
2023-09-21,Shadowboxer,2005,https://boxd.it/1Xwm
2023-09-24,The Last Voyage of the Demeter,2023,https://boxd.it/nzTq
2023-09-24,The Wrath of Becky,2023,https://boxd.it/BfbG
2023-09-24,Blue Beetle,2023,https://boxd.it/kJLq
2023-09-26,Dracula 2000,2000,https://boxd.it/1VUG
2023-10-02,Maggie's Plan,2015,https://boxd.it/a3v6
2023-10-16,The Dentist,1996,https://boxd.it/1YlO
2023-10-18,Alone in the Dark,2005,https://boxd.it/1Srm
2023-11-08,Talk to Me,2022,https://boxd.it/C6uQ
2023-11-11,Insect,2018,https://boxd.it/dC7E
2023-11-13,Kunstkamera,2022,https://boxd.it/DaQy
2023-11-22,Suitable Flesh,2023,https://boxd.it/C3VE
2023-11-22,Cold Creek Manor,2003,https://boxd.it/1Rhq
2023-11-24,S.F.W.,1994,https://boxd.it/1ntw
2023-11-25,Jackals,2017,https://boxd.it/gqbg
2023-11-26,Traveling Light,2021,https://boxd.it/x0es
2023-11-26,Sex Guaranteed,2017,https://boxd.it/hjC2
2023-11-27,Dead Man's Hand,2023,https://boxd.it/HjtG
2023-11-28,American Hero,2015,https://boxd.it/cJCM
2023-11-28,Heatstroke,2013,https://boxd.it/8uQw
2023-11-28,The Motel Life,2012,https://boxd.it/2NFA
2023-11-28,Justice League vs. the Fatal Five,2019,https://boxd.it/jyUO
2023-11-29,The Adventures of Buckaroo Banzai Across the 8th Dimension,1984,https://boxd.it/1TZk
2023-11-29,Innocent Lies,1995,https://boxd.it/2rL2
2023-11-29,Don't Go,2018,https://boxd.it/jLYa
2023-11-29,Suicide Squad: Hell to Pay,2018,https://boxd.it/hxrM
2023-11-30,Carjacked,2011,https://boxd.it/2ncM
2023-11-30,The Debt,2015,https://boxd.it/aqJK
2023-12-01,Tomorrow You're Gone,2012,https://boxd.it/4KjU
2023-12-01,Embattled,2020,https://boxd.it/lPfW
2023-12-02,Officer Down,2013,https://boxd.it/3rw4
2023-12-02,Felon,2008,https://boxd.it/1R1C
2023-12-03,City of Industry,1997,https://boxd.it/1H0u
2023-12-03,Judgment Night,1993,https://boxd.it/736
2023-12-03,Mob Land,2023,https://boxd.it/AZsQ
2023-12-04,Slotherhouse,2023,https://boxd.it/Dp1q
2023-12-04,Steal,2002,https://boxd.it/1RFi
2023-12-06,Brake,2012,https://boxd.it/31ri
2023-12-10,It's a Wonderful Knife,2023,https://boxd.it/G7hm
2023-12-12,Cold in July,2014,https://boxd.it/7biS
2023-12-12,BloodRayne,2005,https://boxd.it/5dxm
2023-12-13,Teenage Mutant Ninja Turtles: Mutant Mayhem,2023,https://boxd.it/mK0a
2023-12-15,Barbie,2023,https://boxd.it/bCLK
2023-12-16,The Venture Bros.: Radiant Is the Blood of the Baboon Heart,2023,https://boxd.it/vf2i
2023-12-16,Legion of Super-Heroes,2023,https://boxd.it/BW1O
2023-12-21,Thanksgiving,2023,https://boxd.it/EviY
2023-12-22,The Nun II,2023,https://boxd.it/AyRY
2023-12-23,Santa Jaws,2018,https://boxd.it/jMm2
2023-12-31,Rites of Passage,2012,https://boxd.it/3fB2
2023-12-31,Dead Man's Curve,1998,https://boxd.it/RuM
2024-01-02,Rebel Moon – Part One: A Child of Fire,2023,https://boxd.it/w0qc
2024-01-03,A Haunting in Venice,2023,https://boxd.it/zGdg
2024-01-04,Stonehearst Asylum,2014,https://boxd.it/6dMI
2024-01-05,This Is GWAR,2021,https://boxd.it/vrfe
2024-01-08,I Am Not a Serial Killer,2016,https://boxd.it/dg6E
2024-01-09,The Gingerdead Man,2005,https://boxd.it/1s7g
2024-01-09,The Convent,2000,https://boxd.it/1Rkk
2024-01-16,THX 1138,1971,https://boxd.it/29Ww
2024-01-16,The Marvels,2023,https://boxd.it/mwU4
2024-01-18,WHAT DID JACK DO?,2017,https://boxd.it/jcWe
2024-01-19,True Romance,1993,https://boxd.it/2aBa
2024-01-21,Gurren Lagann the Movie: Childhood's End,2008,https://boxd.it/1CAM
2024-01-21,Origin,2023,https://boxd.it/shJs
2024-01-22,Wonka,2023,https://boxd.it/tCQm
2024-01-23,Five Nights at Freddy's,2023,https://boxd.it/ikHu
2024-01-24,Aquaman and the Lost Kingdom,2023,https://boxd.it/l1LS
2024-01-26,Wish,2023,https://boxd.it/CFtS
2024-01-28,Scooby-Doo 2: Monsters Unleashed,2004,https://boxd.it/1UPA
2024-01-29,"Same Time, Next Year",1978,https://boxd.it/17MM
2024-01-30,The Leech,2022,https://boxd.it/wdrC
2024-01-31,Eternals,2021,https://boxd.it/j36o
2024-02-13,Snow Day,2000,https://boxd.it/1M8o
2024-02-13,Small Soldiers,1998,https://boxd.it/1TzQ
2024-02-14,El Conde,2023,https://boxd.it/Bt4O
2024-02-14,Inhuman Kiss,2019,https://boxd.it/lClW
2024-02-15,My Bloody Valentine,2009,https://boxd.it/1O6E
2024-02-15,My Bloody Valentine,1981,https://boxd.it/131M
2024-02-17,Bad Moon,1996,https://boxd.it/FfU
2024-02-20,Night Swim,2024,https://boxd.it/EyB0
2024-02-21,The Prince,2023,https://boxd.it/F8lM
2024-02-21,The Cottage,2008,https://boxd.it/1PhS
2024-02-21,Lord of Illusions,1995,https://boxd.it/1Ztk
2024-02-22,Dracula II: Ascension,2003,https://boxd.it/1VUw
2024-02-22,Dracula III: Legacy,2005,https://boxd.it/1VUm
2024-02-25,Fantasy Island,2020,https://boxd.it/jEVy
2024-02-25,Wrong Turn,2003,https://boxd.it/1Xzq
2024-02-25,Cry_Wolf,2005,https://boxd.it/1X6S
2024-02-29,Boogie Nights,1997,https://boxd.it/23um
2024-03-03,Miller's Girl,2024,https://boxd.it/CP8U
2024-03-03,Lisa Frankenstein,2024,https://boxd.it/ByjY
2024-03-11,The Ruins,2008,https://boxd.it/1UvA
2024-03-20,Madame Web,2024,https://boxd.it/nwD0
2024-03-28,Imaginary,2024,https://boxd.it/GyJW
2024-03-31,"Butcher, Baker, Nightmare Maker",1981,https://boxd.it/2f38
2024-03-31,Carrie,2013,https://boxd.it/4kC2
2024-04-03,Pet Sematary II,1992,https://boxd.it/1V6Q
2024-04-03,They,2002,https://boxd.it/1KZg
2024-04-20,Dune: Part Two,2024,https://boxd.it/pUfA
2024-04-23,Maximum Overdrive,1986,https://boxd.it/1XnO
2024-04-29,Late Night with the Devil,2023,https://boxd.it/zo6G
2024-05-02,Swimming with Sharks,1994,https://boxd.it/1DJq
2024-05-04,The Usual Suspects,1995,https://boxd.it/29XE
2024-05-06,They Cloned Tyrone,2023,https://boxd.it/rE7a
2024-05-08,She Is Conann,2023,https://boxd.it/raF2
2024-05-09,Abigail,2024,https://boxd.it/G0NA
2024-05-09,I Blame Society,2020,https://boxd.it/oFBE
2024-05-10,Braindead,1992,https://boxd.it/29Gy
2024-05-14,The Creator,2023,https://boxd.it/oXWq
2024-05-18,Dementia 13,1963,https://boxd.it/1prs
2024-05-20,13 Ghosts,1960,https://boxd.it/1mL0
2024-05-21,House on Haunted Hill,1959,https://boxd.it/1Ln8
2024-05-27,The Hunger Games: The Ballad of Songbirds & Snakes,2023,https://boxd.it/pZCY
2024-05-29,Seedpeople,1992,https://boxd.it/3fji
2024-05-29,"Miraculous World: New York, United HeroeZ",2020,https://boxd.it/snTy
2024-05-31,The First Omen,2024,https://boxd.it/fx08
2024-06-04,Furiosa: A Mad Max Saga,2024,https://boxd.it/tABk
2024-06-05,Royal Warriors,1986,https://boxd.it/Pve
2024-06-07,The Unknown,1927,https://boxd.it/1rEy
2024-06-11,The Maltese Falcon,1941,https://boxd.it/29c4
2024-06-12,Killer of Men,2022,https://boxd.it/xbxU
2024-06-14,Streets of Fire,1984,https://boxd.it/1Nt8
2024-06-14,The Strangers: Chapter 1,2024,https://boxd.it/CcEM
2024-06-17,The Little Shop of Horrors,1960,https://boxd.it/1xDm
2024-06-20,A Horrible Way to Die,2010,https://boxd.it/QHK
2024-06-20,Cheap Thrills,2013,https://boxd.it/5nPK
2024-06-21,Blue Ruin,2013,https://boxd.it/5H8G
2024-06-21,Blackout,2023,https://boxd.it/DsgS
2024-06-24,Dead Silence,2007,https://boxd.it/1OWK
2024-06-24,Hellraiser: Hellworld,2005,https://boxd.it/1Rom
2024-06-24,Hellraiser: Deader,2005,https://boxd.it/1IEA
2024-06-24,Made for Each Other,2023,https://boxd.it/ErlO
2024-06-25,Loving Leah,2009,https://boxd.it/zx4
2024-06-25,Eight Gifts of Hanukkah,2021,https://boxd.it/xy9Q
2024-06-26,The Vourdalak,2023,https://boxd.it/DDdg
2024-06-27,The Offering,2022,https://boxd.it/A5Em
2024-06-29,In a Violent Nature,2024,https://boxd.it/K5eI
2024-07-01,Freaks,1932,https://boxd.it/2b3o
2024-07-02,Harvey,1950,https://boxd.it/1T5w
2024-07-02,Creature from the Black Lagoon,1954,https://boxd.it/1UXk
2024-07-05,Mute Witness,1995,https://boxd.it/HD0
2024-07-13,Musings Of A Mechatronic Mistress,2023,https://boxd.it/Jte6
2024-07-17,Puss in Boots: The Last Wish,2022,https://boxd.it/aaie
2024-07-22,The Piper,2023,https://boxd.it/vTtS
2024-07-27,Deadpool & Wolverine,2024,https://boxd.it/jq8s
2024-07-29,Revenge,2017,https://boxd.it/gL9g
2024-07-29,Tromeo & Juliet,1996,https://boxd.it/1Kx2
2024-07-29,Slither,2006,https://boxd.it/1Zks
2024-07-30,Hundreds of Beavers,2022,https://boxd.it/CyUM
2024-07-30,Society,1989,https://boxd.it/1ARc
2024-07-30,Willard,2003,https://boxd.it/1V3i
2024-08-01,Tarot,2024,https://boxd.it/qWMy
2024-08-03,My Best Friend's Exorcism,2022,https://boxd.it/uLUY
2024-08-03,Totally Killer,2023,https://boxd.it/AOpG
2024-08-03,Jack's Back,1988,https://boxd.it/Y5Y
2024-08-04,Con Air,1997,https://boxd.it/28gO
2024-08-07,Crumb,1994,https://boxd.it/1tDi
2024-08-07,Royalty Free: The Music of Kevin MacLeod,2020,https://boxd.it/sjg8
2024-08-07,Sex and Broadcasting,2014,https://boxd.it/9Gpu
2024-08-08,The United States of Insanity,2021,https://boxd.it/uxCG
2024-08-09,My Hero Academia: Two Heroes,2018,https://boxd.it/igfw
2024-08-10,Bring It On: Cheer Or Die,2022,https://boxd.it/vlq6
2024-08-12,We Were Once Kids,2021,https://boxd.it/uXni
2024-08-12,Nurse 3-D,2013,https://boxd.it/2IFA
2024-08-22,The Blues Brothers,1980,https://boxd.it/2adi
2024-08-25,FernGully: The Last Rainforest,1992,https://boxd.it/1Qzo
2024-08-25,Jujutsu Kaisen 0,2021,https://boxd.it/uvFS
2024-08-26,Death to Smoochy,2002,https://boxd.it/1Z5M
2024-08-27,Army of Shadows,1969,https://boxd.it/1Mli
2024-08-28,Longlegs,2024,https://boxd.it/KzLM
2024-08-29,Under the Skin,2013,https://boxd.it/3mDa
2024-08-29,Speak No Evil,2022,https://boxd.it/vqlg
2024-08-30,The Hunt,2012,https://boxd.it/3wEC
2024-08-30,Pusher,1996,https://boxd.it/27wG
2024-08-31,Howling IV: The Original Nightmare,1988,https://boxd.it/15Se
2024-09-01,Shiva Baby,2020,https://boxd.it/oIv0
2024-09-02,Love at First Bite,1979,https://boxd.it/1FYi
2024-09-03,Parents,2016,https://boxd.it/dDdo
2024-09-04,A Horrible Woman,2017,https://boxd.it/hglM
2024-09-05,After the Wedding,2006,https://boxd.it/25eg
2024-09-09,Strange Darling,2023,https://boxd.it/CVIk
2024-09-09,The Houses October Built,2014,https://boxd.it/9fyO
2024-09-13,Jumanji: The Next Level,2019,https://boxd.it/ixu4
2024-09-13,Dark Harvest,2023,https://boxd.it/paVq
2024-09-16,The Crow,2024,https://boxd.it/A8C4
2024-09-17,Jersey Girl,2004,https://boxd.it/1Yqa
2024-09-18,Speak No Evil,2024,https://boxd.it/G9f8
2024-09-18,Trap,2024,https://boxd.it/D4nK
2024-09-19,The Sixth Sense,1999,https://boxd.it/29Js
2024-09-20,Brooklyn 45,2023,https://boxd.it/yviW
2024-09-20,Offseason,2021,https://boxd.it/tXsU
2024-09-22,City of Angels,1998,https://boxd.it/29Bo
2024-09-25,The Ministry of Ungentlemanly Warfare,2024,https://boxd.it/u5zu
2024-09-25,Bad Boys for Life,2020,https://boxd.it/15pc
2024-09-25,A Quiet Place,2018,https://boxd.it/fVJQ
2024-09-30,Striptease,1996,https://boxd.it/1XCY
2024-09-30,Broil,2020,https://boxd.it/oWI8
2024-10-01,G.I. Jane,1997,https://boxd.it/24my
2024-10-02,The 4:30 Movie,2024,https://boxd.it/Hmxm
2024-10-04,The Abominable Dr. Phibes,1971,https://boxd.it/1HMe
2024-10-05,Serendipity,2001,https://boxd.it/1XPy
2024-10-06,Dr. Phibes Rises Again,1972,https://boxd.it/1HhU
2024-10-07,Cursed,2005,https://boxd.it/1XiY
2024-10-09,King of Texas,2002,https://boxd.it/JzO
2024-10-09,Red Eye,2005,https://boxd.it/1TNy
2024-10-10,My Hero Academia: Heroes Rising,2019,https://boxd.it/lOQM
2024-10-10,Something Wicked This Way Comes,1983,https://boxd.it/1wWC
2024-10-11,The Lawnmower Man,1992,https://boxd.it/1WVK
2024-10-13,Kingdom of the Planet of the Apes,2024,https://boxd.it/ohEE
2024-10-13,Bad Taste,1987,https://boxd.it/1Xq4
2024-10-16,Dracula's Ex-Girlfriend,2024,https://boxd.it/QhfK
2024-10-17,Paprika,2006,https://boxd.it/23wW
2024-10-17,A Quiet Place: Day One,2024,https://boxd.it/sDAi
2024-10-17,Lawnmower Man 2: Beyond Cyberspace,1996,https://boxd.it/1TE2
2024-10-20,Beetlejuice,1988,https://boxd.it/24QI
2024-10-20,House of the Dead,2003,https://boxd.it/1UJW
2024-10-22,Drácula,1931,https://boxd.it/146I
2024-10-23,Stream,2024,https://boxd.it/un9Y
2024-10-23,Nightwatch,1997,https://boxd.it/27bo
2024-10-25,One Fine Day,1996,https://boxd.it/211i
2024-10-27,The Cabinet of Dr. Caligari,1920,https://boxd.it/2aOo
2024-10-27,Campfire Tales,1997,https://boxd.it/1Kmy
2024-10-28,Friday the 13th,1980,https://boxd.it/24fs
2024-10-30,Woman of the Hour,2023,https://boxd.it/vuz2
2024-10-31,Perfect Blue,1997,https://boxd.it/1W7A
2024-11-07,Seven Stages to Achieve Eternal Bliss,2018,https://boxd.it/i804
2024-11-08,In Her Skin,2009,https://boxd.it/1Ue
2024-11-10,The Substance,2024,https://boxd.it/zanS
2024-11-15,Bedazzled,2000,https://boxd.it/28qu
2024-11-16,Apartment 7A,2024,https://boxd.it/uock
2024-11-19,Frankie Freako,2024,https://boxd.it/GDkM
2024-11-20,Yoga Hosers,2016,https://boxd.it/96GE
2024-11-20,Tusk,2014,https://boxd.it/7eoa
2024-11-27,Howling III: The Marsupials,1987,https://boxd.it/1gSu
2024-11-28,Roman,2006,https://boxd.it/Pa6
2024-11-30,May,2002,https://boxd.it/1V8M
2024-12-02,Founders Day,2023,https://boxd.it/DVEY
2024-12-03,Salem's Lot,2024,https://boxd.it/sqU0
2024-12-05,Conclave,2024,https://boxd.it/AO8q
2024-12-07,1978,2024,https://boxd.it/Napi
2024-12-16,Free Willy,1993,https://boxd.it/28qO
2024-12-16,Heretic,2024,https://boxd.it/H1lY
2024-12-17,Absentia,2011,https://boxd.it/2yWw
2024-12-18,Before I Wake,2016,https://boxd.it/9BgC
2024-12-23,Venom: The Last Dance,2024,https://boxd.it/ynqo
2024-12-26,The Advent Calendar,2021,https://boxd.it/sDbW
2024-12-26,Good Boy,2022,https://boxd.it/B9LI
2024-12-29,The Ballad of Ride the Cyclone,2024,https://boxd.it/RRBE
2024-12-29,Mass,2021,https://boxd.it/eYAA
